row_id,qwen_fabricated_A5,qwen_fabricated_A9,gemma_fabricated_A5,gemma_fabricated_A9
366,Login_Frequency,,,Discount_Usage_Rate
562,Returns_Rate,,Age,Age
582,,,"Cart_Abandonment_Rate,Email_Open_Rate",
696,,,,
707,,Cart_Abandonment_Rate,Cart_Abandonment_Rate,
752,Days_Since_Last_Purchase,,,
959,,,,Discount_Usage_Rate
1343,,,,
1393,"Cart_Abandonment_Rate,Login_Frequency",,Cart_Abandonment_Rate,
1536,,,,
1578,"Cart_Abandonment_Rate,Days_Since_Last_Purchase",,,
1676,,,,
1678,,,,
2443,Returns_Rate,,,
2699,,,,
2703,Days_Since_Last_Purchase,,Age,
2744,"Membership_Years,Returns_Rate",,,
3009,,Lifetime_Value,,
3191,,,,
3253,,,Session_Duration_Avg,
3280,Cart_Abandonment_Rate,,Customer_Service_Calls,
3330,,,,
3341,,,,
3356,,,,
3364,,,,
3440,,,,
3489,,,"Login_Frequency,Social_Media_Engagement_Score",
3517,"Lifetime_Value,Social_Media_Engagement_Score",,,
3536,,,,
3541,,,,
3833,Cart_Abandonment_Rate,,,
4003,Membership_Years,,,
4223,Cart_Abandonment_Rate,,,
4751,Returns_Rate,,,
4847,,,Average_Order_Value,
4919,,,,
5014,,,,
5151,Social_Media_Engagement_Score,Returns_Rate,,
5231,,,,
5522,,,Lifetime_Value,
5531,,,,
5648,,,,
5810,,,Cart_Abandonment_Rate,
5867,Social_Media_Engagement_Score,,,
5958,Cart_Abandonment_Rate,,,
6464,,,Cart_Abandonment_Rate,
6524,,,Cart_Abandonment_Rate,
6760,,Discount_Usage_Rate,,
6874,,,,
7064,,,Lifetime_Value,
