arm,model,n,accuracy,precision,recall,f1,f1_lo,f1_hi,balanced_accuracy,bacc_lo,bacc_hi
A0,qwen,1500,0.4422656979069458,0.3266153102580978,0.8745936128209185,0.47561362343037533,0.4382793745155973,0.5127248379464858,0.5704812356743063,0.5452135614971964,0.5957842578226735
A0,gemma,1500,0.289197107052393,0.28919710705239127,1.0,0.44864684456763787,0.41487284478538716,0.48323867735921516,0.5,0.5,0.5
A1,qwen,1500,0.6876688108252234,0.46946882355244224,0.6150232739853434,0.5324782975381902,0.4890949140568997,0.57464641738102,0.6661243158920712,0.6338123929440567,0.6980430909956412
A1,gemma,1500,0.29033045593920814,0.28952524016103265,1.0,0.44904160251237496,0.4151567031076401,0.48365357516820884,0.5007972314815119,0.5,0.5024753196332468
A2,qwen,1500,0.8583373883482203,0.7404968008010375,0.7853866570167127,0.7622814231755835,0.7257496031580172,0.7978776287712515,0.8367023818507731,0.8114854593703259,0.8620926994532015
A2,gemma,1500,0.6872691974403413,0.4786546574143681,0.9124001535080399,0.6279042054606256,0.590917001815378,0.6633346499171435,0.7540363100984335,0.7294295476610981,0.7794992464071999
A3,qwen,1500,0.9100043327556326,0.8589732501612635,0.8241117105197961,0.841181438867709,0.8115841733367557,0.8687852276448067,0.8845311482345546,0.8622279076075117,0.9071305938847022
A3,gemma,1500,0.9100043327556326,0.8589732501612635,0.8241117105197961,0.841181438867709,0.8115841733367557,0.8687852276448067,0.8845311482345546,0.8622279076075117,0.9071305938847022
A4,qwen,1500,0.7760031995733903,0.9048102868872814,0.25196005103105085,0.39415956406315505,0.3336895410034597,0.45590735518849673,0.6205876647772475,0.5973011536743217,0.6463063893900962
A4,gemma,1500,0.9097377016397814,0.857805083617975,0.8245726956219102,0.8408606661895249,0.8113204647744127,0.8684363202175988,0.8844803063413198,0.8618888763429104,0.9069731470497104
A6,qwen,1500,0.9056045860551927,0.9476121551869381,0.7130131484475759,0.8137415764992308,0.7786078218702943,0.8461828374236635,0.8484877220026756,0.82442883664554,0.8715491047909651
A6,gemma,1500,0.9100043327556326,0.8589732501612635,0.8241117105197961,0.841181438867709,0.8115841733367557,0.8687852276448067,0.8845311482345546,0.8622279076075117,0.9071305938847022
A7,qwen,1500,0.9091376149846687,0.9263444623476033,0.7450521892758739,0.8258661629186306,0.7929965353407432,0.8563533845932211,0.8604747820486423,0.8372268711341034,0.8832128876620584
A7,gemma,1500,0.9100043327556326,0.8589732501612635,0.8241117105197961,0.841181438867709,0.8115841733367557,0.8687852276448067,0.8845311482345546,0.8622279076075117,0.9071305938847022
A5,qwen,1500,0.9082044060791894,0.9290103224656866,0.7390593829483925,0.8232195494537063,0.7895929377842309,0.8548393842964184,0.8580410477734851,0.8344545497762897,0.8810638792235013
A5,gemma,1500,0.9097377016397814,0.857805083617975,0.8245726956219102,0.8408606661895249,0.8113204647744127,0.8684363202175988,0.8844803063413198,0.8618888763429104,0.9069731470497104
A8,qwen,1500,0.15679542727636314,0.06059629591055065,0.13209124739111233,0.08307999756449762,0.05804449721354477,0.10940389182205423,0.14946890590260667,0.12644312793040136,0.17351902449188103
A8,gemma,1500,0.0899956672443674,0.07182145814301728,0.18003715539923032,0.10268087192916044,0.07731046063355484,0.12814326381494684,0.11669928139208284,0.09452268080695564,0.13914762030696398
