scale,bin_lo,bin_hi,n,mean_predicted,observed_freq
platt,0.0,0.1,4337,0.04508079347342314,0.050034586119437396
platt,0.1,0.2,712,0.13803445361832656,0.10674157303370786
platt,0.2,0.30000000000000004,259,0.24353959861491278,0.18532818532818532
platt,0.30000000000000004,0.4,195,0.3483713402341464,0.358974358974359
platt,0.4,0.5,156,0.453089208830953,0.44871794871794873
platt,0.5,0.6000000000000001,123,0.5501231313185359,0.5609756097560976
platt,0.6000000000000001,0.7000000000000001,117,0.6497807197618352,0.7094017094017094
platt,0.7000000000000001,0.8,162,0.7523709629351636,0.808641975308642
platt,0.8,0.9,194,0.852972471934502,0.9175257731958762
platt,0.9,1.0,1246,0.9742522462326101,0.9839486356340289
