model,success_rate,retention_cost,net_value
XGBoost,0.05,5,-373542.663
XGBoost,0.05,10,-383947.663
XGBoost,0.05,15,-394352.663
XGBoost,0.05,20,-404757.663
XGBoost,0.05,25,-415162.663
XGBoost,0.05,30,-425567.663
XGBoost,0.05,35,-435972.663
XGBoost,0.05,40,-446377.663
XGBoost,0.05,45,-456782.663
XGBoost,0.05,50,-467187.663
XGBoost,0.05,55,-477592.663
XGBoost,0.05,60,-487997.663
XGBoost,0.05,65,-498402.663
XGBoost,0.05,70,-508807.663
XGBoost,0.05,75,-519212.663
XGBoost,0.05,80,-529617.663
XGBoost,0.05,85,-540022.663
XGBoost,0.05,90,-550427.663
XGBoost,0.05,95,-560832.663
XGBoost,0.05,100,-571237.663
XGBoost,0.1,5,-235182.54599999997
XGBoost,0.1,10,-245587.54599999997
XGBoost,0.1,15,-255992.54599999997
XGBoost,0.1,20,-266397.546
XGBoost,0.1,25,-276802.546
XGBoost,0.1,30,-287207.546
XGBoost,0.1,35,-297612.546
XGBoost,0.1,40,-308017.546
XGBoost,0.1,45,-318422.546
XGBoost,0.1,50,-328827.546
XGBoost,0.1,55,-339232.546
XGBoost,0.1,60,-349637.546
XGBoost,0.1,65,-360042.546
XGBoost,0.1,70,-370447.546
XGBoost,0.1,75,-380852.546
XGBoost,0.1,80,-391257.546
XGBoost,0.1,85,-401662.546
XGBoost,0.1,90,-412067.546
XGBoost,0.1,95,-422472.546
XGBoost,0.1,100,-432877.546
XGBoost,0.15,5,-96822.429
XGBoost,0.15,10,-107227.429
XGBoost,0.15,15,-117632.429
XGBoost,0.15,20,-128037.429
XGBoost,0.15,25,-138442.429
XGBoost,0.15,30,-148847.429
XGBoost,0.15,35,-159252.429
XGBoost,0.15,40,-169657.429
XGBoost,0.15,45,-180062.429
XGBoost,0.15,50,-190467.429
XGBoost,0.15,55,-200872.429
XGBoost,0.15,60,-211277.429
XGBoost,0.15,65,-221682.429
XGBoost,0.15,70,-232087.429
XGBoost,0.15,75,-242492.429
XGBoost,0.15,80,-252897.429
XGBoost,0.15,85,-263302.429
XGBoost,0.15,90,-273707.429
XGBoost,0.15,95,-284112.429
XGBoost,0.15,100,-294517.429
XGBoost,0.2,5,41537.68800000008
XGBoost,0.2,10,31132.688000000082
XGBoost,0.2,15,20727.688000000082
XGBoost,0.2,20,10322.688000000082
XGBoost,0.2,25,-82.31199999991804
XGBoost,0.2,30,-10487.311999999918
XGBoost,0.2,35,-20892.311999999918
XGBoost,0.2,40,-31297.311999999918
XGBoost,0.2,45,-41702.31199999992
XGBoost,0.2,50,-52107.31199999992
XGBoost,0.2,55,-62512.31199999992
XGBoost,0.2,60,-72917.31199999992
XGBoost,0.2,65,-83322.31199999992
XGBoost,0.2,70,-93727.31199999992
XGBoost,0.2,75,-104132.31199999992
XGBoost,0.2,80,-114537.31199999992
XGBoost,0.2,85,-124942.31199999992
XGBoost,0.2,90,-135347.31199999992
XGBoost,0.2,95,-145752.31199999992
XGBoost,0.2,100,-156157.31199999992
XGBoost,0.25,5,179897.80500000005
XGBoost,0.25,10,169492.80500000005
XGBoost,0.25,15,159087.80500000005
XGBoost,0.25,20,148682.80500000005
XGBoost,0.25,25,138277.80500000005
XGBoost,0.25,30,127872.80500000005
XGBoost,0.25,35,117467.80500000005
XGBoost,0.25,40,107062.80500000005
XGBoost,0.25,45,96657.80500000005
XGBoost,0.25,50,86252.80500000005
XGBoost,0.25,55,75847.80500000005
XGBoost,0.25,60,65442.80500000005
XGBoost,0.25,65,55037.80500000005
XGBoost,0.25,70,44632.80500000005
XGBoost,0.25,75,34227.80500000005
XGBoost,0.25,80,23822.80500000005
XGBoost,0.25,85,13417.805000000051
XGBoost,0.25,90,3012.805000000051
XGBoost,0.25,95,-7392.194999999949
XGBoost,0.25,100,-17797.19499999995
XGBoost,0.3,5,318257.922
XGBoost,0.3,10,307852.922
XGBoost,0.3,15,297447.922
XGBoost,0.3,20,287042.922
XGBoost,0.3,25,276637.922
XGBoost,0.3,30,266232.922
XGBoost,0.3,35,255827.92200000002
XGBoost,0.3,40,245422.92200000002
XGBoost,0.3,45,235017.92200000002
XGBoost,0.3,50,224612.92200000002
XGBoost,0.3,55,214207.92200000002
XGBoost,0.3,60,203802.92200000002
XGBoost,0.3,65,193397.92200000002
XGBoost,0.3,70,182992.92200000002
XGBoost,0.3,75,172587.92200000002
XGBoost,0.3,80,162182.92200000002
XGBoost,0.3,85,151777.92200000002
XGBoost,0.3,90,141372.92200000002
XGBoost,0.3,95,130967.92200000002
XGBoost,0.3,100,120562.92200000002
XGBoost,0.35,5,456618.039
XGBoost,0.35,10,446213.039
XGBoost,0.35,15,435808.039
XGBoost,0.35,20,425403.039
XGBoost,0.35,25,414998.039
XGBoost,0.35,30,404593.039
XGBoost,0.35,35,394188.039
XGBoost,0.35,40,383783.039
XGBoost,0.35,45,373378.039
XGBoost,0.35,50,362973.039
XGBoost,0.35,55,352568.039
XGBoost,0.35,60,342163.039
XGBoost,0.35,65,331758.039
XGBoost,0.35,70,321353.039
XGBoost,0.35,75,310948.039
XGBoost,0.35,80,300543.039
XGBoost,0.35,85,290138.039
XGBoost,0.35,90,279733.039
XGBoost,0.35,95,269328.039
XGBoost,0.35,100,258923.039
XGBoost,0.4,5,594978.1560000002
XGBoost,0.4,10,584573.1560000002
XGBoost,0.4,15,574168.1560000002
XGBoost,0.4,20,563763.1560000002
XGBoost,0.4,25,553358.1560000002
XGBoost,0.4,30,542953.1560000002
XGBoost,0.4,35,532548.1560000002
XGBoost,0.4,40,522143.1560000002
XGBoost,0.4,45,511738.1560000002
XGBoost,0.4,50,501333.1560000002
XGBoost,0.4,55,490928.1560000002
XGBoost,0.4,60,480523.1560000002
XGBoost,0.4,65,470118.1560000002
XGBoost,0.4,70,459713.1560000002
XGBoost,0.4,75,449308.1560000002
XGBoost,0.4,80,438903.1560000002
XGBoost,0.4,85,428498.1560000002
XGBoost,0.4,90,418093.1560000002
XGBoost,0.4,95,407688.1560000002
XGBoost,0.4,100,397283.1560000002
XGBoost,0.45,5,733338.273
XGBoost,0.45,10,722933.273
XGBoost,0.45,15,712528.273
XGBoost,0.45,20,702123.273
XGBoost,0.45,25,691718.273
XGBoost,0.45,30,681313.273
XGBoost,0.45,35,670908.273
XGBoost,0.45,40,660503.273
XGBoost,0.45,45,650098.273
XGBoost,0.45,50,639693.273
XGBoost,0.45,55,629288.273
XGBoost,0.45,60,618883.273
XGBoost,0.45,65,608478.273
XGBoost,0.45,70,598073.273
XGBoost,0.45,75,587668.273
XGBoost,0.45,80,577263.273
XGBoost,0.45,85,566858.273
XGBoost,0.45,90,556453.273
XGBoost,0.45,95,546048.273
XGBoost,0.45,100,535643.273
XGBoost,0.5,5,871698.3900000001
XGBoost,0.5,10,861293.3900000001
XGBoost,0.5,15,850888.3900000001
XGBoost,0.5,20,840483.3900000001
XGBoost,0.5,25,830078.3900000001
XGBoost,0.5,30,819673.3900000001
XGBoost,0.5,35,809268.3900000001
XGBoost,0.5,40,798863.3900000001
XGBoost,0.5,45,788458.3900000001
XGBoost,0.5,50,778053.3900000001
XGBoost,0.5,55,767648.3900000001
XGBoost,0.5,60,757243.3900000001
XGBoost,0.5,65,746838.3900000001
XGBoost,0.5,70,736433.3900000001
XGBoost,0.5,75,726028.3900000001
XGBoost,0.5,80,715623.3900000001
XGBoost,0.5,85,705218.3900000001
XGBoost,0.5,90,694813.3900000001
XGBoost,0.5,95,684408.3900000001
XGBoost,0.5,100,674003.3900000001
XGBoost,0.55,5,1010058.5070000002
XGBoost,0.55,10,999653.5070000002
XGBoost,0.55,15,989248.5070000002
XGBoost,0.55,20,978843.5070000002
XGBoost,0.55,25,968438.5070000002
XGBoost,0.55,30,958033.5070000002
XGBoost,0.55,35,947628.5070000002
XGBoost,0.55,40,937223.5070000002
XGBoost,0.55,45,926818.5070000002
XGBoost,0.55,50,916413.5070000002
XGBoost,0.55,55,906008.5070000002
XGBoost,0.55,60,895603.5070000002
XGBoost,0.55,65,885198.5070000002
XGBoost,0.55,70,874793.5070000002
XGBoost,0.55,75,864388.5070000002
XGBoost,0.55,80,853983.5070000002
XGBoost,0.55,85,843578.5070000002
XGBoost,0.55,90,833173.5070000002
XGBoost,0.55,95,822768.5070000002
XGBoost,0.55,100,812363.5070000002
XGBoost,0.6,5,1148418.624
XGBoost,0.6,10,1138013.624
XGBoost,0.6,15,1127608.624
XGBoost,0.6,20,1117203.624
XGBoost,0.6,25,1106798.624
XGBoost,0.6,30,1096393.624
XGBoost,0.6,35,1085988.624
XGBoost,0.6,40,1075583.624
XGBoost,0.6,45,1065178.624
XGBoost,0.6,50,1054773.624
XGBoost,0.6,55,1044368.6240000001
XGBoost,0.6,60,1033963.6240000001
XGBoost,0.6,65,1023558.6240000001
XGBoost,0.6,70,1013153.6240000001
XGBoost,0.6,75,1002748.6240000001
XGBoost,0.6,80,992343.6240000001
XGBoost,0.6,85,981938.6240000001
XGBoost,0.6,90,971533.6240000001
XGBoost,0.6,95,961128.6240000001
XGBoost,0.6,100,950723.6240000001
Random Forest,0.05,5,-420301.9099999999
Random Forest,0.05,10,-430506.9099999999
Random Forest,0.05,15,-440711.9099999999
Random Forest,0.05,20,-450916.9099999999
Random Forest,0.05,25,-461121.9099999999
Random Forest,0.05,30,-471326.9099999999
Random Forest,0.05,35,-481531.9099999999
Random Forest,0.05,40,-491736.9099999999
Random Forest,0.05,45,-501941.9099999999
Random Forest,0.05,50,-512146.9099999999
Random Forest,0.05,55,-522351.9099999999
Random Forest,0.05,60,-532556.9099999999
Random Forest,0.05,65,-542761.9099999999
Random Forest,0.05,70,-552966.9099999999
Random Forest,0.05,75,-563171.9099999999
Random Forest,0.05,80,-573376.9099999999
Random Forest,0.05,85,-583581.9099999999
Random Forest,0.05,90,-593786.9099999999
Random Forest,0.05,95,-603991.9099999999
Random Forest,0.05,100,-614196.9099999999
Random Forest,0.1,5,-284433.8999999999
Random Forest,0.1,10,-294638.8999999999
Random Forest,0.1,15,-304843.8999999999
Random Forest,0.1,20,-315048.8999999999
Random Forest,0.1,25,-325253.8999999999
Random Forest,0.1,30,-335458.8999999999
Random Forest,0.1,35,-345663.8999999999
Random Forest,0.1,40,-355868.8999999999
Random Forest,0.1,45,-366073.8999999999
Random Forest,0.1,50,-376278.8999999999
Random Forest,0.1,55,-386483.8999999999
Random Forest,0.1,60,-396688.8999999999
Random Forest,0.1,65,-406893.8999999999
Random Forest,0.1,70,-417098.8999999999
Random Forest,0.1,75,-427303.8999999999
Random Forest,0.1,80,-437508.8999999999
Random Forest,0.1,85,-447713.8999999999
Random Forest,0.1,90,-457918.8999999999
Random Forest,0.1,95,-468123.8999999999
Random Forest,0.1,100,-478328.8999999999
Random Forest,0.15,5,-148565.8899999999
Random Forest,0.15,10,-158770.8899999999
Random Forest,0.15,15,-168975.8899999999
Random Forest,0.15,20,-179180.8899999999
Random Forest,0.15,25,-189385.8899999999
Random Forest,0.15,30,-199590.8899999999
Random Forest,0.15,35,-209795.8899999999
Random Forest,0.15,40,-220000.8899999999
Random Forest,0.15,45,-230205.8899999999
Random Forest,0.15,50,-240410.8899999999
Random Forest,0.15,55,-250615.8899999999
Random Forest,0.15,60,-260820.8899999999
Random Forest,0.15,65,-271025.8899999999
Random Forest,0.15,70,-281230.8899999999
Random Forest,0.15,75,-291435.8899999999
Random Forest,0.15,80,-301640.8899999999
Random Forest,0.15,85,-311845.8899999999
Random Forest,0.15,90,-322050.8899999999
Random Forest,0.15,95,-332255.8899999999
Random Forest,0.15,100,-342460.8899999999
Random Forest,0.2,5,-12697.879999999888
Random Forest,0.2,10,-22902.87999999989
Random Forest,0.2,15,-33107.87999999989
Random Forest,0.2,20,-43312.87999999989
Random Forest,0.2,25,-53517.87999999989
Random Forest,0.2,30,-63722.87999999989
Random Forest,0.2,35,-73927.87999999989
Random Forest,0.2,40,-84132.87999999989
Random Forest,0.2,45,-94337.87999999989
Random Forest,0.2,50,-104542.87999999989
Random Forest,0.2,55,-114747.87999999989
Random Forest,0.2,60,-124952.87999999989
Random Forest,0.2,65,-135157.8799999999
Random Forest,0.2,70,-145362.8799999999
Random Forest,0.2,75,-155567.8799999999
Random Forest,0.2,80,-165772.8799999999
Random Forest,0.2,85,-175977.8799999999
Random Forest,0.2,90,-186182.8799999999
Random Forest,0.2,95,-196387.8799999999
Random Forest,0.2,100,-206592.8799999999
Random Forest,0.25,5,123170.13000000012
Random Forest,0.25,10,112965.13000000012
Random Forest,0.25,15,102760.13000000012
Random Forest,0.25,20,92555.13000000012
Random Forest,0.25,25,82350.13000000012
Random Forest,0.25,30,72145.13000000012
Random Forest,0.25,35,61940.13000000012
Random Forest,0.25,40,51735.13000000012
Random Forest,0.25,45,41530.13000000012
Random Forest,0.25,50,31325.13000000012
Random Forest,0.25,55,21120.13000000012
Random Forest,0.25,60,10915.130000000121
Random Forest,0.25,65,710.1300000001211
Random Forest,0.25,70,-9494.869999999879
Random Forest,0.25,75,-19699.86999999988
Random Forest,0.25,80,-29904.86999999988
Random Forest,0.25,85,-40109.86999999988
Random Forest,0.25,90,-50314.86999999988
Random Forest,0.25,95,-60519.86999999988
Random Forest,0.25,100,-70724.86999999988
Random Forest,0.3,5,259038.14000000013
Random Forest,0.3,10,248833.14000000013
Random Forest,0.3,15,238628.14000000013
Random Forest,0.3,20,228423.14000000013
Random Forest,0.3,25,218218.14000000013
Random Forest,0.3,30,208013.14000000013
Random Forest,0.3,35,197808.14000000013
Random Forest,0.3,40,187603.14000000013
Random Forest,0.3,45,177398.14000000013
Random Forest,0.3,50,167193.14000000013
Random Forest,0.3,55,156988.14000000013
Random Forest,0.3,60,146783.14000000013
Random Forest,0.3,65,136578.14000000013
Random Forest,0.3,70,126373.14000000013
Random Forest,0.3,75,116168.14000000013
Random Forest,0.3,80,105963.14000000013
Random Forest,0.3,85,95758.14000000013
Random Forest,0.3,90,85553.14000000013
Random Forest,0.3,95,75348.14000000013
Random Forest,0.3,100,65143.14000000013
Random Forest,0.35,5,394906.15000000014
Random Forest,0.35,10,384701.15000000014
Random Forest,0.35,15,374496.15000000014
Random Forest,0.35,20,364291.15000000014
Random Forest,0.35,25,354086.15000000014
Random Forest,0.35,30,343881.15000000014
Random Forest,0.35,35,333676.15000000014
Random Forest,0.35,40,323471.15000000014
Random Forest,0.35,45,313266.15000000014
Random Forest,0.35,50,303061.15000000014
Random Forest,0.35,55,292856.15000000014
Random Forest,0.35,60,282651.15000000014
Random Forest,0.35,65,272446.15000000014
Random Forest,0.35,70,262241.15000000014
Random Forest,0.35,75,252036.15000000014
Random Forest,0.35,80,241831.15000000014
Random Forest,0.35,85,231626.15000000014
Random Forest,0.35,90,221421.15000000014
Random Forest,0.35,95,211216.15000000014
Random Forest,0.35,100,201011.15000000014
Random Forest,0.4,5,530774.1600000001
Random Forest,0.4,10,520569.16000000015
Random Forest,0.4,15,510364.16000000015
Random Forest,0.4,20,500159.16000000015
Random Forest,0.4,25,489954.16000000015
Random Forest,0.4,30,479749.16000000015
Random Forest,0.4,35,469544.16000000015
Random Forest,0.4,40,459339.16000000015
Random Forest,0.4,45,449134.16000000015
Random Forest,0.4,50,438929.16000000015
Random Forest,0.4,55,428724.16000000015
Random Forest,0.4,60,418519.16000000015
Random Forest,0.4,65,408314.16000000015
Random Forest,0.4,70,398109.16000000015
Random Forest,0.4,75,387904.16000000015
Random Forest,0.4,80,377699.16000000015
Random Forest,0.4,85,367494.16000000015
Random Forest,0.4,90,357289.16000000015
Random Forest,0.4,95,347084.16000000015
Random Forest,0.4,100,336879.16000000015
Random Forest,0.45,5,666642.1700000002
Random Forest,0.45,10,656437.1700000002
Random Forest,0.45,15,646232.1700000002
Random Forest,0.45,20,636027.1700000002
Random Forest,0.45,25,625822.1700000002
Random Forest,0.45,30,615617.1700000002
Random Forest,0.45,35,605412.1700000002
Random Forest,0.45,40,595207.1700000002
Random Forest,0.45,45,585002.1700000002
Random Forest,0.45,50,574797.1700000002
Random Forest,0.45,55,564592.1700000002
Random Forest,0.45,60,554387.1700000002
Random Forest,0.45,65,544182.1700000002
Random Forest,0.45,70,533977.1700000002
Random Forest,0.45,75,523772.17000000016
Random Forest,0.45,80,513567.17000000016
Random Forest,0.45,85,503362.17000000016
Random Forest,0.45,90,493157.17000000016
Random Forest,0.45,95,482952.17000000016
Random Forest,0.45,100,472747.17000000016
Random Forest,0.5,5,802510.1800000002
Random Forest,0.5,10,792305.1800000002
Random Forest,0.5,15,782100.1800000002
Random Forest,0.5,20,771895.1800000002
Random Forest,0.5,25,761690.1800000002
Random Forest,0.5,30,751485.1800000002
Random Forest,0.5,35,741280.1800000002
Random Forest,0.5,40,731075.1800000002
Random Forest,0.5,45,720870.1800000002
Random Forest,0.5,50,710665.1800000002
Random Forest,0.5,55,700460.1800000002
Random Forest,0.5,60,690255.1800000002
Random Forest,0.5,65,680050.1800000002
Random Forest,0.5,70,669845.1800000002
Random Forest,0.5,75,659640.1800000002
Random Forest,0.5,80,649435.1800000002
Random Forest,0.5,85,639230.1800000002
Random Forest,0.5,90,629025.1800000002
Random Forest,0.5,95,618820.1800000002
Random Forest,0.5,100,608615.1800000002
Random Forest,0.55,5,938378.1900000002
Random Forest,0.55,10,928173.1900000002
Random Forest,0.55,15,917968.1900000002
Random Forest,0.55,20,907763.1900000002
Random Forest,0.55,25,897558.1900000002
Random Forest,0.55,30,887353.1900000002
Random Forest,0.55,35,877148.1900000002
Random Forest,0.55,40,866943.1900000002
Random Forest,0.55,45,856738.1900000002
Random Forest,0.55,50,846533.1900000002
Random Forest,0.55,55,836328.1900000002
Random Forest,0.55,60,826123.1900000002
Random Forest,0.55,65,815918.1900000002
Random Forest,0.55,70,805713.1900000002
Random Forest,0.55,75,795508.1900000002
Random Forest,0.55,80,785303.1900000002
Random Forest,0.55,85,775098.1900000002
Random Forest,0.55,90,764893.1900000002
Random Forest,0.55,95,754688.1900000002
Random Forest,0.55,100,744483.1900000002
Random Forest,0.6,5,1074246.2000000002
Random Forest,0.6,10,1064041.2000000002
Random Forest,0.6,15,1053836.2000000002
Random Forest,0.6,20,1043631.2000000002
Random Forest,0.6,25,1033426.2000000002
Random Forest,0.6,30,1023221.2000000002
Random Forest,0.6,35,1013016.2000000002
Random Forest,0.6,40,1002811.2000000002
Random Forest,0.6,45,992606.2000000002
Random Forest,0.6,50,982401.2000000002
Random Forest,0.6,55,972196.2000000002
Random Forest,0.6,60,961991.2000000002
Random Forest,0.6,65,951786.2000000002
Random Forest,0.6,70,941581.2000000002
Random Forest,0.6,75,931376.2000000002
Random Forest,0.6,80,921171.2000000002
Random Forest,0.6,85,910966.2000000002
Random Forest,0.6,90,900761.2000000002
Random Forest,0.6,95,890556.2000000002
Random Forest,0.6,100,880351.2000000002
Qwen3.5-4B,0.05,5,-524378.595
Qwen3.5-4B,0.05,10,-533043.595
Qwen3.5-4B,0.05,15,-541708.595
Qwen3.5-4B,0.05,20,-550373.595
Qwen3.5-4B,0.05,25,-559038.595
Qwen3.5-4B,0.05,30,-567703.595
Qwen3.5-4B,0.05,35,-576368.595
Qwen3.5-4B,0.05,40,-585033.595
Qwen3.5-4B,0.05,45,-593698.595
Qwen3.5-4B,0.05,50,-602363.595
Qwen3.5-4B,0.05,55,-611028.595
Qwen3.5-4B,0.05,60,-619693.595
Qwen3.5-4B,0.05,65,-628358.595
Qwen3.5-4B,0.05,70,-637023.595
Qwen3.5-4B,0.05,75,-645688.595
Qwen3.5-4B,0.05,80,-654353.595
Qwen3.5-4B,0.05,85,-663018.595
Qwen3.5-4B,0.05,90,-671683.595
Qwen3.5-4B,0.05,95,-680348.595
Qwen3.5-4B,0.05,100,-689013.595
Qwen3.5-4B,0.1,5,-394337.56999999995
Qwen3.5-4B,0.1,10,-403002.56999999995
Qwen3.5-4B,0.1,15,-411667.56999999995
Qwen3.5-4B,0.1,20,-420332.56999999995
Qwen3.5-4B,0.1,25,-428997.56999999995
Qwen3.5-4B,0.1,30,-437662.56999999995
Qwen3.5-4B,0.1,35,-446327.56999999995
Qwen3.5-4B,0.1,40,-454992.56999999995
Qwen3.5-4B,0.1,45,-463657.56999999995
Qwen3.5-4B,0.1,50,-472322.56999999995
Qwen3.5-4B,0.1,55,-480987.56999999995
Qwen3.5-4B,0.1,60,-489652.56999999995
Qwen3.5-4B,0.1,65,-498317.56999999995
Qwen3.5-4B,0.1,70,-506982.56999999995
Qwen3.5-4B,0.1,75,-515647.56999999995
Qwen3.5-4B,0.1,80,-524312.57
Qwen3.5-4B,0.1,85,-532977.57
Qwen3.5-4B,0.1,90,-541642.57
Qwen3.5-4B,0.1,95,-550307.57
Qwen3.5-4B,0.1,100,-558972.57
Qwen3.5-4B,0.15,5,-264296.545
Qwen3.5-4B,0.15,10,-272961.545
Qwen3.5-4B,0.15,15,-281626.545
Qwen3.5-4B,0.15,20,-290291.545
Qwen3.5-4B,0.15,25,-298956.545
Qwen3.5-4B,0.15,30,-307621.545
Qwen3.5-4B,0.15,35,-316286.545
Qwen3.5-4B,0.15,40,-324951.545
Qwen3.5-4B,0.15,45,-333616.545
Qwen3.5-4B,0.15,50,-342281.545
Qwen3.5-4B,0.15,55,-350946.545
Qwen3.5-4B,0.15,60,-359611.545
Qwen3.5-4B,0.15,65,-368276.545
Qwen3.5-4B,0.15,70,-376941.545
Qwen3.5-4B,0.15,75,-385606.545
Qwen3.5-4B,0.15,80,-394271.545
Qwen3.5-4B,0.15,85,-402936.545
Qwen3.5-4B,0.15,90,-411601.545
Qwen3.5-4B,0.15,95,-420266.545
Qwen3.5-4B,0.15,100,-428931.545
Qwen3.5-4B,0.2,5,-134255.51999999996
Qwen3.5-4B,0.2,10,-142920.51999999996
Qwen3.5-4B,0.2,15,-151585.51999999996
Qwen3.5-4B,0.2,20,-160250.51999999996
Qwen3.5-4B,0.2,25,-168915.51999999996
Qwen3.5-4B,0.2,30,-177580.51999999996
Qwen3.5-4B,0.2,35,-186245.51999999996
Qwen3.5-4B,0.2,40,-194910.51999999996
Qwen3.5-4B,0.2,45,-203575.51999999996
Qwen3.5-4B,0.2,50,-212240.51999999996
Qwen3.5-4B,0.2,55,-220905.51999999996
Qwen3.5-4B,0.2,60,-229570.51999999996
Qwen3.5-4B,0.2,65,-238235.51999999996
Qwen3.5-4B,0.2,70,-246900.51999999996
Qwen3.5-4B,0.2,75,-255565.51999999996
Qwen3.5-4B,0.2,80,-264230.51999999996
Qwen3.5-4B,0.2,85,-272895.51999999996
Qwen3.5-4B,0.2,90,-281560.51999999996
Qwen3.5-4B,0.2,95,-290225.51999999996
Qwen3.5-4B,0.2,100,-298890.51999999996
Qwen3.5-4B,0.25,5,-4214.494999999995
Qwen3.5-4B,0.25,10,-12879.494999999995
Qwen3.5-4B,0.25,15,-21544.494999999995
Qwen3.5-4B,0.25,20,-30209.494999999995
Qwen3.5-4B,0.25,25,-38874.494999999995
Qwen3.5-4B,0.25,30,-47539.494999999995
Qwen3.5-4B,0.25,35,-56204.494999999995
Qwen3.5-4B,0.25,40,-64869.494999999995
Qwen3.5-4B,0.25,45,-73534.495
Qwen3.5-4B,0.25,50,-82199.495
Qwen3.5-4B,0.25,55,-90864.495
Qwen3.5-4B,0.25,60,-99529.495
Qwen3.5-4B,0.25,65,-108194.495
Qwen3.5-4B,0.25,70,-116859.495
Qwen3.5-4B,0.25,75,-125524.495
Qwen3.5-4B,0.25,80,-134189.495
Qwen3.5-4B,0.25,85,-142854.495
Qwen3.5-4B,0.25,90,-151519.495
Qwen3.5-4B,0.25,95,-160184.495
Qwen3.5-4B,0.25,100,-168849.495
Qwen3.5-4B,0.3,5,125826.53000000003
Qwen3.5-4B,0.3,10,117161.53000000003
Qwen3.5-4B,0.3,15,108496.53000000003
Qwen3.5-4B,0.3,20,99831.53000000003
Qwen3.5-4B,0.3,25,91166.53000000003
Qwen3.5-4B,0.3,30,82501.53000000003
Qwen3.5-4B,0.3,35,73836.53000000003
Qwen3.5-4B,0.3,40,65171.53000000003
Qwen3.5-4B,0.3,45,56506.53000000003
Qwen3.5-4B,0.3,50,47841.53000000003
Qwen3.5-4B,0.3,55,39176.53000000003
Qwen3.5-4B,0.3,60,30511.530000000028
Qwen3.5-4B,0.3,65,21846.530000000028
Qwen3.5-4B,0.3,70,13181.530000000028
Qwen3.5-4B,0.3,75,4516.530000000028
Qwen3.5-4B,0.3,80,-4148.469999999972
Qwen3.5-4B,0.3,85,-12813.469999999972
Qwen3.5-4B,0.3,90,-21478.469999999972
Qwen3.5-4B,0.3,95,-30143.469999999972
Qwen3.5-4B,0.3,100,-38808.46999999997
Qwen3.5-4B,0.35,5,255867.55499999993
Qwen3.5-4B,0.35,10,247202.55499999993
Qwen3.5-4B,0.35,15,238537.55499999993
Qwen3.5-4B,0.35,20,229872.55499999993
Qwen3.5-4B,0.35,25,221207.55499999993
Qwen3.5-4B,0.35,30,212542.55499999993
Qwen3.5-4B,0.35,35,203877.55499999993
Qwen3.5-4B,0.35,40,195212.55499999993
Qwen3.5-4B,0.35,45,186547.55499999993
Qwen3.5-4B,0.35,50,177882.55499999993
Qwen3.5-4B,0.35,55,169217.55499999993
Qwen3.5-4B,0.35,60,160552.55499999993
Qwen3.5-4B,0.35,65,151887.55499999993
Qwen3.5-4B,0.35,70,143222.55499999993
Qwen3.5-4B,0.35,75,134557.55499999993
Qwen3.5-4B,0.35,80,125892.55499999993
Qwen3.5-4B,0.35,85,117227.55499999993
Qwen3.5-4B,0.35,90,108562.55499999993
Qwen3.5-4B,0.35,95,99897.55499999993
Qwen3.5-4B,0.35,100,91232.55499999993
Qwen3.5-4B,0.4,5,385908.5800000001
Qwen3.5-4B,0.4,10,377243.5800000001
Qwen3.5-4B,0.4,15,368578.5800000001
Qwen3.5-4B,0.4,20,359913.5800000001
Qwen3.5-4B,0.4,25,351248.5800000001
Qwen3.5-4B,0.4,30,342583.5800000001
Qwen3.5-4B,0.4,35,333918.5800000001
Qwen3.5-4B,0.4,40,325253.5800000001
Qwen3.5-4B,0.4,45,316588.5800000001
Qwen3.5-4B,0.4,50,307923.5800000001
Qwen3.5-4B,0.4,55,299258.5800000001
Qwen3.5-4B,0.4,60,290593.5800000001
Qwen3.5-4B,0.4,65,281928.5800000001
Qwen3.5-4B,0.4,70,273263.5800000001
Qwen3.5-4B,0.4,75,264598.5800000001
Qwen3.5-4B,0.4,80,255933.58000000007
Qwen3.5-4B,0.4,85,247268.58000000007
Qwen3.5-4B,0.4,90,238603.58000000007
Qwen3.5-4B,0.4,95,229938.58000000007
Qwen3.5-4B,0.4,100,221273.58000000007
Qwen3.5-4B,0.45,5,515949.6050000001
Qwen3.5-4B,0.45,10,507284.6050000001
Qwen3.5-4B,0.45,15,498619.6050000001
Qwen3.5-4B,0.45,20,489954.6050000001
Qwen3.5-4B,0.45,25,481289.6050000001
Qwen3.5-4B,0.45,30,472624.6050000001
Qwen3.5-4B,0.45,35,463959.6050000001
Qwen3.5-4B,0.45,40,455294.6050000001
Qwen3.5-4B,0.45,45,446629.6050000001
Qwen3.5-4B,0.45,50,437964.6050000001
Qwen3.5-4B,0.45,55,429299.6050000001
Qwen3.5-4B,0.45,60,420634.6050000001
Qwen3.5-4B,0.45,65,411969.6050000001
Qwen3.5-4B,0.45,70,403304.6050000001
Qwen3.5-4B,0.45,75,394639.6050000001
Qwen3.5-4B,0.45,80,385974.6050000001
Qwen3.5-4B,0.45,85,377309.6050000001
Qwen3.5-4B,0.45,90,368644.6050000001
Qwen3.5-4B,0.45,95,359979.6050000001
Qwen3.5-4B,0.45,100,351314.6050000001
Qwen3.5-4B,0.5,5,645990.63
Qwen3.5-4B,0.5,10,637325.63
Qwen3.5-4B,0.5,15,628660.63
Qwen3.5-4B,0.5,20,619995.63
Qwen3.5-4B,0.5,25,611330.63
Qwen3.5-4B,0.5,30,602665.63
Qwen3.5-4B,0.5,35,594000.63
Qwen3.5-4B,0.5,40,585335.63
Qwen3.5-4B,0.5,45,576670.63
Qwen3.5-4B,0.5,50,568005.63
Qwen3.5-4B,0.5,55,559340.63
Qwen3.5-4B,0.5,60,550675.63
Qwen3.5-4B,0.5,65,542010.63
Qwen3.5-4B,0.5,70,533345.63
Qwen3.5-4B,0.5,75,524680.63
Qwen3.5-4B,0.5,80,516015.63
Qwen3.5-4B,0.5,85,507350.63
Qwen3.5-4B,0.5,90,498685.63
Qwen3.5-4B,0.5,95,490020.63
Qwen3.5-4B,0.5,100,481355.63
Qwen3.5-4B,0.55,5,776031.6550000001
Qwen3.5-4B,0.55,10,767366.6550000001
Qwen3.5-4B,0.55,15,758701.6550000001
Qwen3.5-4B,0.55,20,750036.6550000001
Qwen3.5-4B,0.55,25,741371.6550000001
Qwen3.5-4B,0.55,30,732706.6550000001
Qwen3.5-4B,0.55,35,724041.6550000001
Qwen3.5-4B,0.55,40,715376.6550000001
Qwen3.5-4B,0.55,45,706711.6550000001
Qwen3.5-4B,0.55,50,698046.6550000001
Qwen3.5-4B,0.55,55,689381.6550000001
Qwen3.5-4B,0.55,60,680716.6550000001
Qwen3.5-4B,0.55,65,672051.6550000001
Qwen3.5-4B,0.55,70,663386.6550000001
Qwen3.5-4B,0.55,75,654721.6550000001
Qwen3.5-4B,0.55,80,646056.6550000001
Qwen3.5-4B,0.55,85,637391.6550000001
Qwen3.5-4B,0.55,90,628726.6550000001
Qwen3.5-4B,0.55,95,620061.6550000001
Qwen3.5-4B,0.55,100,611396.6550000001
Qwen3.5-4B,0.6,5,906072.68
Qwen3.5-4B,0.6,10,897407.68
Qwen3.5-4B,0.6,15,888742.68
Qwen3.5-4B,0.6,20,880077.68
Qwen3.5-4B,0.6,25,871412.68
Qwen3.5-4B,0.6,30,862747.68
Qwen3.5-4B,0.6,35,854082.68
Qwen3.5-4B,0.6,40,845417.68
Qwen3.5-4B,0.6,45,836752.68
Qwen3.5-4B,0.6,50,828087.68
Qwen3.5-4B,0.6,55,819422.68
Qwen3.5-4B,0.6,60,810757.68
Qwen3.5-4B,0.6,65,802092.68
Qwen3.5-4B,0.6,70,793427.68
Qwen3.5-4B,0.6,75,784762.68
Qwen3.5-4B,0.6,80,776097.68
Qwen3.5-4B,0.6,85,767432.68
Qwen3.5-4B,0.6,90,758767.68
Qwen3.5-4B,0.6,95,750102.68
Qwen3.5-4B,0.6,100,741437.68
Gemma3-4B,0.05,5,-373353.72099999996
Gemma3-4B,0.05,10,-383778.72099999996
Gemma3-4B,0.05,15,-394203.72099999996
Gemma3-4B,0.05,20,-404628.72099999996
Gemma3-4B,0.05,25,-415053.72099999996
Gemma3-4B,0.05,30,-425478.72099999996
Gemma3-4B,0.05,35,-435903.72099999996
Gemma3-4B,0.05,40,-446328.72099999996
Gemma3-4B,0.05,45,-456753.72099999996
Gemma3-4B,0.05,50,-467178.72099999996
Gemma3-4B,0.05,55,-477603.72099999996
Gemma3-4B,0.05,60,-488028.72099999996
Gemma3-4B,0.05,65,-498453.72099999996
Gemma3-4B,0.05,70,-508878.72099999996
Gemma3-4B,0.05,75,-519303.72099999996
Gemma3-4B,0.05,80,-529728.7209999999
Gemma3-4B,0.05,85,-540153.7209999999
Gemma3-4B,0.05,90,-550578.7209999999
Gemma3-4B,0.05,95,-561003.7209999999
Gemma3-4B,0.05,100,-571428.7209999999
Gemma3-4B,0.1,5,-234977.70199999993
Gemma3-4B,0.1,10,-245402.70199999993
Gemma3-4B,0.1,15,-255827.70199999993
Gemma3-4B,0.1,20,-266252.70199999993
Gemma3-4B,0.1,25,-276677.70199999993
Gemma3-4B,0.1,30,-287102.70199999993
Gemma3-4B,0.1,35,-297527.70199999993
Gemma3-4B,0.1,40,-307952.70199999993
Gemma3-4B,0.1,45,-318377.70199999993
Gemma3-4B,0.1,50,-328802.70199999993
Gemma3-4B,0.1,55,-339227.70199999993
Gemma3-4B,0.1,60,-349652.70199999993
Gemma3-4B,0.1,65,-360077.70199999993
Gemma3-4B,0.1,70,-370502.70199999993
Gemma3-4B,0.1,75,-380927.70199999993
Gemma3-4B,0.1,80,-391352.70199999993
Gemma3-4B,0.1,85,-401777.70199999993
Gemma3-4B,0.1,90,-412202.70199999993
Gemma3-4B,0.1,95,-422627.70199999993
Gemma3-4B,0.1,100,-433052.70199999993
Gemma3-4B,0.15,5,-96601.68299999996
Gemma3-4B,0.15,10,-107026.68299999996
Gemma3-4B,0.15,15,-117451.68299999996
Gemma3-4B,0.15,20,-127876.68299999996
Gemma3-4B,0.15,25,-138301.68299999996
Gemma3-4B,0.15,30,-148726.68299999996
Gemma3-4B,0.15,35,-159151.68299999996
Gemma3-4B,0.15,40,-169576.68299999996
Gemma3-4B,0.15,45,-180001.68299999996
Gemma3-4B,0.15,50,-190426.68299999996
Gemma3-4B,0.15,55,-200851.68299999996
Gemma3-4B,0.15,60,-211276.68299999996
Gemma3-4B,0.15,65,-221701.68299999996
Gemma3-4B,0.15,70,-232126.68299999996
Gemma3-4B,0.15,75,-242551.68299999996
Gemma3-4B,0.15,80,-252976.68299999996
Gemma3-4B,0.15,85,-263401.68299999996
Gemma3-4B,0.15,90,-273826.68299999996
Gemma3-4B,0.15,95,-284251.68299999996
Gemma3-4B,0.15,100,-294676.68299999996
Gemma3-4B,0.2,5,41774.33600000013
Gemma3-4B,0.2,10,31349.336000000127
Gemma3-4B,0.2,15,20924.336000000127
Gemma3-4B,0.2,20,10499.336000000127
Gemma3-4B,0.2,25,74.33600000012666
Gemma3-4B,0.2,30,-10350.663999999873
Gemma3-4B,0.2,35,-20775.663999999873
Gemma3-4B,0.2,40,-31200.663999999873
Gemma3-4B,0.2,45,-41625.66399999987
Gemma3-4B,0.2,50,-52050.66399999987
Gemma3-4B,0.2,55,-62475.66399999987
Gemma3-4B,0.2,60,-72900.66399999987
Gemma3-4B,0.2,65,-83325.66399999987
Gemma3-4B,0.2,70,-93750.66399999987
Gemma3-4B,0.2,75,-104175.66399999987
Gemma3-4B,0.2,80,-114600.66399999987
Gemma3-4B,0.2,85,-125025.66399999987
Gemma3-4B,0.2,90,-135450.66399999987
Gemma3-4B,0.2,95,-145875.66399999987
Gemma3-4B,0.2,100,-156300.66399999987
Gemma3-4B,0.25,5,180150.3550000001
Gemma3-4B,0.25,10,169725.3550000001
Gemma3-4B,0.25,15,159300.3550000001
Gemma3-4B,0.25,20,148875.3550000001
Gemma3-4B,0.25,25,138450.3550000001
Gemma3-4B,0.25,30,128025.3550000001
Gemma3-4B,0.25,35,117600.3550000001
Gemma3-4B,0.25,40,107175.3550000001
Gemma3-4B,0.25,45,96750.3550000001
Gemma3-4B,0.25,50,86325.3550000001
Gemma3-4B,0.25,55,75900.3550000001
Gemma3-4B,0.25,60,65475.3550000001
Gemma3-4B,0.25,65,55050.3550000001
Gemma3-4B,0.25,70,44625.3550000001
Gemma3-4B,0.25,75,34200.3550000001
Gemma3-4B,0.25,80,23775.355000000098
Gemma3-4B,0.25,85,13350.355000000098
Gemma3-4B,0.25,90,2925.355000000098
Gemma3-4B,0.25,95,-7499.644999999902
Gemma3-4B,0.25,100,-17924.644999999902
Gemma3-4B,0.3,5,318526.37400000007
Gemma3-4B,0.3,10,308101.37400000007
Gemma3-4B,0.3,15,297676.37400000007
Gemma3-4B,0.3,20,287251.37400000007
Gemma3-4B,0.3,25,276826.37400000007
Gemma3-4B,0.3,30,266401.37400000007
Gemma3-4B,0.3,35,255976.37400000007
Gemma3-4B,0.3,40,245551.37400000007
Gemma3-4B,0.3,45,235126.37400000007
Gemma3-4B,0.3,50,224701.37400000007
Gemma3-4B,0.3,55,214276.37400000007
Gemma3-4B,0.3,60,203851.37400000007
Gemma3-4B,0.3,65,193426.37400000007
Gemma3-4B,0.3,70,183001.37400000007
Gemma3-4B,0.3,75,172576.37400000007
Gemma3-4B,0.3,80,162151.37400000007
Gemma3-4B,0.3,85,151726.37400000007
Gemma3-4B,0.3,90,141301.37400000007
Gemma3-4B,0.3,95,130876.37400000007
Gemma3-4B,0.3,100,120451.37400000007
Gemma3-4B,0.35,5,456902.39300000004
Gemma3-4B,0.35,10,446477.39300000004
Gemma3-4B,0.35,15,436052.39300000004
Gemma3-4B,0.35,20,425627.39300000004
Gemma3-4B,0.35,25,415202.39300000004
Gemma3-4B,0.35,30,404777.39300000004
Gemma3-4B,0.35,35,394352.39300000004
Gemma3-4B,0.35,40,383927.39300000004
Gemma3-4B,0.35,45,373502.39300000004
Gemma3-4B,0.35,50,363077.39300000004
Gemma3-4B,0.35,55,352652.39300000004
Gemma3-4B,0.35,60,342227.39300000004
Gemma3-4B,0.35,65,331802.39300000004
Gemma3-4B,0.35,70,321377.39300000004
Gemma3-4B,0.35,75,310952.39300000004
Gemma3-4B,0.35,80,300527.39300000004
Gemma3-4B,0.35,85,290102.39300000004
Gemma3-4B,0.35,90,279677.39300000004
Gemma3-4B,0.35,95,269252.39300000004
Gemma3-4B,0.35,100,258827.39300000004
Gemma3-4B,0.4,5,595278.4120000002
Gemma3-4B,0.4,10,584853.4120000002
Gemma3-4B,0.4,15,574428.4120000002
Gemma3-4B,0.4,20,564003.4120000002
Gemma3-4B,0.4,25,553578.4120000002
Gemma3-4B,0.4,30,543153.4120000002
Gemma3-4B,0.4,35,532728.4120000002
Gemma3-4B,0.4,40,522303.41200000024
Gemma3-4B,0.4,45,511878.41200000024
Gemma3-4B,0.4,50,501453.41200000024
Gemma3-4B,0.4,55,491028.41200000024
Gemma3-4B,0.4,60,480603.41200000024
Gemma3-4B,0.4,65,470178.41200000024
Gemma3-4B,0.4,70,459753.41200000024
Gemma3-4B,0.4,75,449328.41200000024
Gemma3-4B,0.4,80,438903.41200000024
Gemma3-4B,0.4,85,428478.41200000024
Gemma3-4B,0.4,90,418053.41200000024
Gemma3-4B,0.4,95,407628.41200000024
Gemma3-4B,0.4,100,397203.41200000024
Gemma3-4B,0.45,5,733654.4310000001
Gemma3-4B,0.45,10,723229.4310000001
Gemma3-4B,0.45,15,712804.4310000001
Gemma3-4B,0.45,20,702379.4310000001
Gemma3-4B,0.45,25,691954.4310000001
Gemma3-4B,0.45,30,681529.4310000001
Gemma3-4B,0.45,35,671104.4310000001
Gemma3-4B,0.45,40,660679.4310000001
Gemma3-4B,0.45,45,650254.4310000001
Gemma3-4B,0.45,50,639829.4310000001
Gemma3-4B,0.45,55,629404.4310000001
Gemma3-4B,0.45,60,618979.4310000001
Gemma3-4B,0.45,65,608554.4310000001
Gemma3-4B,0.45,70,598129.4310000001
Gemma3-4B,0.45,75,587704.4310000001
Gemma3-4B,0.45,80,577279.4310000001
Gemma3-4B,0.45,85,566854.4310000001
Gemma3-4B,0.45,90,556429.4310000001
Gemma3-4B,0.45,95,546004.4310000001
Gemma3-4B,0.45,100,535579.4310000001
Gemma3-4B,0.5,5,872030.4500000002
Gemma3-4B,0.5,10,861605.4500000002
Gemma3-4B,0.5,15,851180.4500000002
Gemma3-4B,0.5,20,840755.4500000002
Gemma3-4B,0.5,25,830330.4500000002
Gemma3-4B,0.5,30,819905.4500000002
Gemma3-4B,0.5,35,809480.4500000002
Gemma3-4B,0.5,40,799055.4500000002
Gemma3-4B,0.5,45,788630.4500000002
Gemma3-4B,0.5,50,778205.4500000002
Gemma3-4B,0.5,55,767780.4500000002
Gemma3-4B,0.5,60,757355.4500000002
Gemma3-4B,0.5,65,746930.4500000002
Gemma3-4B,0.5,70,736505.4500000002
Gemma3-4B,0.5,75,726080.4500000002
Gemma3-4B,0.5,80,715655.4500000002
Gemma3-4B,0.5,85,705230.4500000002
Gemma3-4B,0.5,90,694805.4500000002
Gemma3-4B,0.5,95,684380.4500000002
Gemma3-4B,0.5,100,673955.4500000002
Gemma3-4B,0.55,5,1010406.4690000003
Gemma3-4B,0.55,10,999981.4690000003
Gemma3-4B,0.55,15,989556.4690000003
Gemma3-4B,0.55,20,979131.4690000003
Gemma3-4B,0.55,25,968706.4690000003
Gemma3-4B,0.55,30,958281.4690000003
Gemma3-4B,0.55,35,947856.4690000003
Gemma3-4B,0.55,40,937431.4690000003
Gemma3-4B,0.55,45,927006.4690000003
Gemma3-4B,0.55,50,916581.4690000003
Gemma3-4B,0.55,55,906156.4690000003
Gemma3-4B,0.55,60,895731.4690000003
Gemma3-4B,0.55,65,885306.4690000003
Gemma3-4B,0.55,70,874881.4690000003
Gemma3-4B,0.55,75,864456.4690000003
Gemma3-4B,0.55,80,854031.4690000003
Gemma3-4B,0.55,85,843606.4690000003
Gemma3-4B,0.55,90,833181.4690000003
Gemma3-4B,0.55,95,822756.4690000003
Gemma3-4B,0.55,100,812331.4690000003
Gemma3-4B,0.6,5,1148782.4880000001
Gemma3-4B,0.6,10,1138357.4880000001
Gemma3-4B,0.6,15,1127932.4880000001
Gemma3-4B,0.6,20,1117507.4880000001
Gemma3-4B,0.6,25,1107082.4880000001
Gemma3-4B,0.6,30,1096657.4880000001
Gemma3-4B,0.6,35,1086232.4880000001
Gemma3-4B,0.6,40,1075807.4880000001
Gemma3-4B,0.6,45,1065382.4880000001
Gemma3-4B,0.6,50,1054957.4880000001
Gemma3-4B,0.6,55,1044532.4880000001
Gemma3-4B,0.6,60,1034107.4880000001
Gemma3-4B,0.6,65,1023682.4880000001
Gemma3-4B,0.6,70,1013257.4880000001
Gemma3-4B,0.6,75,1002832.4880000001
Gemma3-4B,0.6,80,992407.4880000001
Gemma3-4B,0.6,85,981982.4880000001
Gemma3-4B,0.6,90,971557.4880000001
Gemma3-4B,0.6,95,961132.4880000001
Gemma3-4B,0.6,100,950707.4880000001
