row_id,stratum,weight,y_true,y_proba,y_proba_isotonic,churn_decision,risk_tier
8,A_ambiguous,1.0,0,0.5972,0.5294118,CHURN,Medium
13,A_ambiguous,1.0,1,0.7922,0.7671233,CHURN,High
17,B_confident,8.50125,1,0.3767,0.24200913,RETAIN,Low
20,A_ambiguous,1.0,0,0.4853,0.24200913,RETAIN,Medium
33,B_confident,8.50125,0,0.0359,0.04447152,RETAIN,Low
35,B_confident,8.50125,0,0.0365,0.04447152,RETAIN,Low
36,B_confident,8.50125,1,0.3176,0.15151516,RETAIN,Low
37,A_ambiguous,1.0,1,0.71,0.5555556,CHURN,High
40,B_confident,8.50125,0,0.0736,0.04447152,RETAIN,Low
42,A_ambiguous,1.0,0,0.7657,0.6111111,CHURN,High
43,B_confident,8.50125,0,0.07,0.04447152,RETAIN,Low
47,B_confident,8.50125,0,0.0717,0.04447152,RETAIN,Low
53,B_confident,8.50125,0,0.089,0.04447152,RETAIN,Low
62,B_confident,8.50125,1,0.9674,0.9673913,CHURN,Critical
71,A_ambiguous,1.0,0,0.4949,0.3,RETAIN,Medium
81,B_confident,8.50125,0,0.0747,0.04447152,RETAIN,Low
82,B_confident,8.50125,0,0.1248,0.0625,RETAIN,Low
85,B_confident,8.50125,0,0.199,0.0952381,RETAIN,Low
96,A_ambiguous,1.0,1,0.6055,0.5294118,CHURN,High
98,B_confident,8.50125,0,0.1422,0.0625,RETAIN,Low
106,B_confident,8.50125,0,0.1374,0.0625,RETAIN,Low
115,B_confident,8.50125,0,0.039,0.04447152,RETAIN,Low
120,A_ambiguous,1.0,0,0.6769,0.5555556,CHURN,High
133,A_ambiguous,1.0,0,0.8015,0.7671233,CHURN,Critical
134,A_ambiguous,1.0,1,0.4347,0.24200913,RETAIN,Medium
137,B_confident,8.50125,0,0.1032,0.050884955,RETAIN,Low
138,B_confident,8.50125,1,0.0914,0.04447152,RETAIN,Low
139,B_confident,8.50125,0,0.0609,0.04447152,RETAIN,Low
141,A_ambiguous,1.0,1,0.7542,0.6111111,CHURN,High
151,A_ambiguous,1.0,0,0.7602,0.6111111,CHURN,High
157,A_ambiguous,1.0,1,0.5171,0.41935483,CHURN,Medium
161,A_ambiguous,1.0,1,0.6011,0.5294118,CHURN,High
165,B_confident,8.50125,0,0.0814,0.04447152,RETAIN,Low
168,B_confident,8.50125,1,0.9659,0.9673913,CHURN,Critical
172,B_confident,8.50125,0,0.0841,0.04447152,RETAIN,Low
186,A_ambiguous,1.0,0,0.6704,0.5555556,CHURN,High
198,A_ambiguous,1.0,0,0.5012,0.41935483,CHURN,Medium
203,A_ambiguous,1.0,0,0.6966,0.5555556,CHURN,High
206,A_ambiguous,1.0,1,0.5944,0.5294118,CHURN,Medium
208,A_ambiguous,1.0,0,0.5535,0.41935483,CHURN,Medium
209,A_ambiguous,1.0,1,0.7885,0.7671233,CHURN,High
211,B_confident,8.50125,1,0.0588,0.04447152,RETAIN,Low
212,B_confident,8.50125,0,0.0854,0.04447152,RETAIN,Low
216,A_ambiguous,1.0,1,0.4425,0.24200913,RETAIN,Medium
223,A_ambiguous,1.0,0,0.6125,0.5294118,CHURN,High
232,A_ambiguous,1.0,1,0.4701,0.24200913,RETAIN,Medium
234,B_confident,8.50125,0,0.1658,0.0625,RETAIN,Low
235,B_confident,8.50125,1,0.9894,0.97809076,CHURN,Critical
239,A_ambiguous,1.0,1,0.7142,0.5555556,CHURN,High
243,A_ambiguous,1.0,0,0.5427,0.41935483,CHURN,Medium
253,B_confident,8.50125,0,0.0381,0.04447152,RETAIN,Low
261,B_confident,8.50125,1,0.9824,0.97809076,CHURN,Critical
268,B_confident,8.50125,0,0.9962,0.9887133,CHURN,Critical
270,B_confident,8.50125,0,0.2717,0.096,RETAIN,Low
274,B_confident,8.50125,1,0.8498,0.8125,CHURN,Critical
277,A_ambiguous,1.0,1,0.7396,0.6111111,CHURN,High
280,B_confident,8.50125,1,0.2653,0.096,RETAIN,Low
290,B_confident,8.50125,1,0.9677,0.9673913,CHURN,Critical
302,B_confident,8.50125,0,0.0402,0.04447152,RETAIN,Low
304,A_ambiguous,1.0,0,0.4953,0.3,RETAIN,Medium
305,B_confident,8.50125,0,0.258,0.096,RETAIN,Low
306,B_confident,8.50125,0,0.036,0.04447152,RETAIN,Low
317,B_confident,8.50125,0,0.1189,0.050884955,RETAIN,Low
319,B_confident,8.50125,0,0.385,0.24200913,RETAIN,Low
324,B_confident,8.50125,0,0.0576,0.04447152,RETAIN,Low
327,A_ambiguous,1.0,0,0.4556,0.24200913,RETAIN,Medium
330,A_ambiguous,1.0,1,0.8224,0.7777778,CHURN,Critical
341,B_confident,8.50125,0,0.0368,0.04447152,RETAIN,Low
344,A_ambiguous,1.0,1,0.7371,0.6111111,CHURN,High
354,B_confident,8.50125,0,0.0732,0.04447152,RETAIN,Low
358,B_confident,8.50125,0,0.1733,0.0625,RETAIN,Low
364,B_confident,8.50125,0,0.0526,0.04447152,RETAIN,Low
366,A_ambiguous,1.0,0,0.4544,0.24200913,RETAIN,Medium
368,A_ambiguous,1.0,1,0.7973,0.7671233,CHURN,High
377,B_confident,8.50125,0,0.0698,0.04447152,RETAIN,Low
379,B_confident,8.50125,0,0.1238,0.0625,RETAIN,Low
381,A_ambiguous,1.0,1,0.7654,0.6111111,CHURN,High
389,A_ambiguous,1.0,1,0.6031,0.5294118,CHURN,High
390,B_confident,8.50125,0,0.1593,0.0625,RETAIN,Low
401,B_confident,8.50125,0,0.0236,0.04447152,RETAIN,Low
416,B_confident,8.50125,0,0.0481,0.04447152,RETAIN,Low
421,B_confident,8.50125,0,0.1183,0.050884955,RETAIN,Low
425,B_confident,8.50125,1,0.9774,0.97809076,CHURN,Critical
426,A_ambiguous,1.0,1,0.7869,0.7671233,CHURN,High
429,B_confident,8.50125,1,0.9918,0.97809076,CHURN,Critical
430,A_ambiguous,1.0,0,0.7662,0.6111111,CHURN,High
431,A_ambiguous,1.0,1,0.836,0.7777778,CHURN,Critical
441,B_confident,8.50125,0,0.1278,0.0625,RETAIN,Low
446,A_ambiguous,1.0,1,0.6225,0.5294118,CHURN,High
447,B_confident,8.50125,0,0.0517,0.04447152,RETAIN,Low
451,A_ambiguous,1.0,1,0.7263,0.5555556,CHURN,High
471,B_confident,8.50125,1,0.9908,0.97809076,CHURN,Critical
475,A_ambiguous,1.0,1,0.803,0.7671233,CHURN,Critical
490,A_ambiguous,1.0,1,0.7297,0.5555556,CHURN,High
491,A_ambiguous,1.0,0,0.511,0.41935483,CHURN,Medium
497,B_confident,8.50125,0,0.1085,0.050884955,RETAIN,Low
504,B_confident,8.50125,0,0.2653,0.096,RETAIN,Low
505,A_ambiguous,1.0,0,0.4212,0.24200913,RETAIN,Medium
508,A_ambiguous,1.0,0,0.7893,0.7671233,CHURN,High
511,A_ambiguous,1.0,1,0.6607,0.5555556,CHURN,High
515,A_ambiguous,1.0,1,0.5019,0.41935483,CHURN,Medium
528,B_confident,8.50125,0,0.3408,0.20224719,RETAIN,Low
534,A_ambiguous,1.0,1,0.5739,0.5,CHURN,Medium
536,A_ambiguous,1.0,1,0.6062,0.5294118,CHURN,High
545,B_confident,8.50125,1,0.9384,0.91735536,CHURN,Critical
549,A_ambiguous,1.0,0,0.7434,0.6111111,CHURN,High
550,B_confident,8.50125,0,0.0556,0.04447152,RETAIN,Low
552,A_ambiguous,1.0,0,0.7818,0.7671233,CHURN,High
553,A_ambiguous,1.0,0,0.495,0.3,RETAIN,Medium
569,A_ambiguous,1.0,0,0.4155,0.24200913,RETAIN,Medium
581,B_confident,8.50125,0,0.0578,0.04447152,RETAIN,Low
582,A_ambiguous,1.0,1,0.5682,0.41935483,CHURN,Medium
589,A_ambiguous,1.0,1,0.8376,0.7777778,CHURN,Critical
591,A_ambiguous,1.0,1,0.717,0.5555556,CHURN,High
592,B_confident,8.50125,1,0.9996,1.0,CHURN,Critical
604,B_confident,8.50125,0,0.0834,0.04447152,RETAIN,Low
605,A_ambiguous,1.0,0,0.5397,0.41935483,CHURN,Medium
609,B_confident,8.50125,0,0.0768,0.04447152,RETAIN,Low
611,B_confident,8.50125,0,0.3007,0.096,RETAIN,Low
617,B_confident,8.50125,0,0.1953,0.0952381,RETAIN,Low
620,A_ambiguous,1.0,1,0.427,0.24200913,RETAIN,Medium
621,A_ambiguous,1.0,0,0.6001,0.5294118,CHURN,High
623,B_confident,8.50125,0,0.0602,0.04447152,RETAIN,Low
626,A_ambiguous,1.0,1,0.8051,0.7671233,CHURN,Critical
629,A_ambiguous,1.0,0,0.7272,0.5555556,CHURN,High
631,B_confident,8.50125,0,0.2503,0.096,RETAIN,Low
635,A_ambiguous,1.0,1,0.5989,0.5294118,CHURN,Medium
637,A_ambiguous,1.0,1,0.7892,0.7671233,CHURN,High
644,B_confident,8.50125,0,0.0362,0.04447152,RETAIN,Low
651,B_confident,8.50125,1,0.9297,0.91735536,CHURN,Critical
656,B_confident,8.50125,0,0.0723,0.04447152,RETAIN,Low
658,B_confident,8.50125,0,0.0559,0.04447152,RETAIN,Low
661,A_ambiguous,1.0,1,0.6843,0.5555556,CHURN,High
662,B_confident,8.50125,0,0.0875,0.04447152,RETAIN,Low
666,A_ambiguous,1.0,0,0.6354,0.5294118,CHURN,High
668,B_confident,8.50125,0,0.1003,0.05,RETAIN,Low
669,A_ambiguous,1.0,1,0.6742,0.5555556,CHURN,High
672,A_ambiguous,1.0,1,0.7886,0.7671233,CHURN,High
673,B_confident,8.50125,0,0.1103,0.050884955,RETAIN,Low
680,A_ambiguous,1.0,0,0.7868,0.7671233,CHURN,High
681,A_ambiguous,1.0,1,0.7324,0.6111111,CHURN,High
683,A_ambiguous,1.0,1,0.4789,0.24200913,RETAIN,Medium
685,B_confident,8.50125,0,0.2921,0.096,RETAIN,Low
694,B_confident,8.50125,0,0.0454,0.04447152,RETAIN,Low
698,B_confident,8.50125,1,0.9959,0.9887133,CHURN,Critical
700,B_confident,8.50125,0,0.1983,0.0952381,RETAIN,Low
705,A_ambiguous,1.0,1,0.8439,0.7777778,CHURN,Critical
707,B_confident,8.50125,1,0.9561,0.943662,CHURN,Critical
719,B_confident,8.50125,1,0.922,0.91735536,CHURN,Critical
723,B_confident,8.50125,0,0.161,0.0625,RETAIN,Low
734,A_ambiguous,1.0,0,0.456,0.24200913,RETAIN,Medium
735,A_ambiguous,1.0,0,0.7601,0.6111111,CHURN,High
742,A_ambiguous,1.0,0,0.4895,0.24200913,RETAIN,Medium
747,B_confident,8.50125,0,0.128,0.0625,RETAIN,Low
754,A_ambiguous,1.0,1,0.6054,0.5294118,CHURN,High
757,B_confident,8.50125,0,0.0927,0.04447152,RETAIN,Low
758,B_confident,8.50125,0,0.0718,0.04447152,RETAIN,Low
773,B_confident,8.50125,0,0.0586,0.04447152,RETAIN,Low
782,A_ambiguous,1.0,0,0.4197,0.24200913,RETAIN,Medium
783,A_ambiguous,1.0,0,0.519,0.41935483,CHURN,Medium
785,A_ambiguous,1.0,1,0.829,0.7777778,CHURN,Critical
787,B_confident,8.50125,0,0.0509,0.04447152,RETAIN,Low
789,B_confident,8.50125,0,0.0936,0.04447152,RETAIN,Low
794,B_confident,8.50125,0,0.0233,0.04447152,RETAIN,Low
799,B_confident,8.50125,1,0.2867,0.096,RETAIN,Low
810,B_confident,8.50125,0,0.0996,0.05,RETAIN,Low
814,B_confident,8.50125,0,0.273,0.096,RETAIN,Low
816,B_confident,8.50125,0,0.0384,0.04447152,RETAIN,Low
825,A_ambiguous,1.0,0,0.4978,0.3,RETAIN,Medium
827,A_ambiguous,1.0,0,0.517,0.41935483,CHURN,Medium
831,B_confident,8.50125,1,0.9963,0.9887133,CHURN,Critical
833,B_confident,8.50125,0,0.1418,0.0625,RETAIN,Low
834,B_confident,8.50125,0,0.0648,0.04447152,RETAIN,Low
835,A_ambiguous,1.0,0,0.5046,0.41935483,CHURN,Medium
841,A_ambiguous,1.0,1,0.4394,0.24200913,RETAIN,Medium
844,A_ambiguous,1.0,1,0.7583,0.6111111,CHURN,High
855,A_ambiguous,1.0,0,0.5818,0.5294118,CHURN,Medium
857,B_confident,8.50125,0,0.0394,0.04447152,RETAIN,Low
859,A_ambiguous,1.0,1,0.4024,0.24200913,RETAIN,Medium
861,B_confident,8.50125,0,0.0646,0.04447152,RETAIN,Low
862,B_confident,8.50125,0,0.0804,0.04447152,RETAIN,Low
867,B_confident,8.50125,0,0.2754,0.096,RETAIN,Low
869,B_confident,8.50125,1,0.9973,0.9887133,CHURN,Critical
889,A_ambiguous,1.0,0,0.535,0.41935483,CHURN,Medium
895,B_confident,8.50125,1,0.9964,0.9887133,CHURN,Critical
898,B_confident,8.50125,0,0.03,0.04447152,RETAIN,Low
901,B_confident,8.50125,0,0.0299,0.04447152,RETAIN,Low
909,B_confident,8.50125,0,0.0667,0.04447152,RETAIN,Low
914,B_confident,8.50125,0,0.034,0.04447152,RETAIN,Low
917,A_ambiguous,1.0,1,0.5964,0.5294118,CHURN,Medium
924,B_confident,8.50125,0,0.2136,0.0952381,RETAIN,Low
932,B_confident,8.50125,0,0.0761,0.04447152,RETAIN,Low
933,A_ambiguous,1.0,0,0.5563,0.41935483,CHURN,Medium
937,A_ambiguous,1.0,1,0.6472,0.5555556,CHURN,High
940,B_confident,8.50125,1,0.1019,0.050884955,RETAIN,Low
948,B_confident,8.50125,0,0.0799,0.04447152,RETAIN,Low
949,B_confident,8.50125,1,0.9645,0.96428573,CHURN,Critical
954,B_confident,8.50125,0,0.0642,0.04447152,RETAIN,Low
958,A_ambiguous,1.0,0,0.4758,0.24200913,RETAIN,Medium
961,B_confident,8.50125,1,0.9104,0.8913044,CHURN,Critical
966,B_confident,8.50125,0,0.0398,0.04447152,RETAIN,Low
971,B_confident,8.50125,0,0.144,0.0625,RETAIN,Low
973,B_confident,8.50125,0,0.0323,0.04447152,RETAIN,Low
976,A_ambiguous,1.0,0,0.4983,0.3,RETAIN,Medium
979,B_confident,8.50125,0,0.092,0.04447152,RETAIN,Low
988,B_confident,8.50125,0,0.0433,0.04447152,RETAIN,Low
994,B_confident,8.50125,0,0.1741,0.0625,RETAIN,Low
997,A_ambiguous,1.0,0,0.6096,0.5294118,CHURN,High
1018,B_confident,8.50125,0,0.0345,0.04447152,RETAIN,Low
1020,A_ambiguous,1.0,1,0.7241,0.5555556,CHURN,High
1021,B_confident,8.50125,1,0.9973,0.9887133,CHURN,Critical
1022,A_ambiguous,1.0,1,0.8365,0.7777778,CHURN,Critical
1026,B_confident,8.50125,1,0.924,0.91735536,CHURN,Critical
1031,B_confident,8.50125,0,0.1134,0.050884955,RETAIN,Low
1038,B_confident,8.50125,0,0.123,0.0625,RETAIN,Low
1044,B_confident,8.50125,0,0.0616,0.04447152,RETAIN,Low
1050,A_ambiguous,1.0,0,0.5048,0.41935483,CHURN,Medium
1056,B_confident,8.50125,0,0.0271,0.04447152,RETAIN,Low
1058,A_ambiguous,1.0,1,0.5564,0.41935483,CHURN,Medium
1076,B_confident,8.50125,1,0.9951,0.9887133,CHURN,Critical
1080,B_confident,8.50125,1,0.0953,0.04447152,RETAIN,Low
1084,B_confident,8.50125,0,0.0607,0.04447152,RETAIN,Low
1086,A_ambiguous,1.0,1,0.8323,0.7777778,CHURN,Critical
1093,A_ambiguous,1.0,1,0.6504,0.5555556,CHURN,High
1097,A_ambiguous,1.0,1,0.7582,0.6111111,CHURN,High
1098,A_ambiguous,1.0,0,0.6393,0.5294118,CHURN,High
1100,A_ambiguous,1.0,1,0.5766,0.5,CHURN,Medium
1101,B_confident,8.50125,0,0.1132,0.050884955,RETAIN,Low
1109,A_ambiguous,1.0,1,0.4005,0.24200913,RETAIN,Medium
1112,B_confident,8.50125,0,0.0325,0.04447152,RETAIN,Low
1113,B_confident,8.50125,0,0.0501,0.04447152,RETAIN,Low
1118,A_ambiguous,1.0,1,0.4343,0.24200913,RETAIN,Medium
1124,A_ambiguous,1.0,1,0.6419,0.5294118,CHURN,High
1127,B_confident,8.50125,0,0.0627,0.04447152,RETAIN,Low
1132,B_confident,8.50125,0,0.1166,0.050884955,RETAIN,Low
1139,A_ambiguous,1.0,1,0.654,0.5555556,CHURN,High
1140,B_confident,8.50125,0,0.0615,0.04447152,RETAIN,Low
1147,B_confident,8.50125,1,0.9975,0.9887133,CHURN,Critical
1149,B_confident,8.50125,1,0.9941,0.97809076,CHURN,Critical
1153,B_confident,8.50125,1,0.0682,0.04447152,RETAIN,Low
1157,B_confident,8.50125,0,0.0878,0.04447152,RETAIN,Low
1161,B_confident,8.50125,1,0.9934,0.97809076,CHURN,Critical
1166,A_ambiguous,1.0,1,0.5699,0.5,CHURN,Medium
1167,B_confident,8.50125,0,0.0237,0.04447152,RETAIN,Low
1171,B_confident,8.50125,0,0.0833,0.04447152,RETAIN,Low
1178,B_confident,8.50125,0,0.0466,0.04447152,RETAIN,Low
1179,B_confident,8.50125,0,0.172,0.0625,RETAIN,Low
1184,A_ambiguous,1.0,0,0.6516,0.5555556,CHURN,High
1193,B_confident,8.50125,0,0.2031,0.0952381,RETAIN,Low
1199,B_confident,8.50125,0,0.3756,0.24200913,RETAIN,Low
1206,A_ambiguous,1.0,0,0.4063,0.24200913,RETAIN,Medium
1214,B_confident,8.50125,1,0.1919,0.09090909,RETAIN,Low
1220,B_confident,8.50125,1,0.8636,0.8513514,CHURN,Critical
1221,B_confident,8.50125,0,0.0447,0.04447152,RETAIN,Low
1227,A_ambiguous,1.0,0,0.726,0.5555556,CHURN,High
1228,B_confident,8.50125,0,0.0556,0.04447152,RETAIN,Low
1229,B_confident,8.50125,1,0.9879,0.97809076,CHURN,Critical
1239,B_confident,8.50125,0,0.0663,0.04447152,RETAIN,Low
1245,A_ambiguous,1.0,1,0.546,0.41935483,CHURN,Medium
1248,A_ambiguous,1.0,0,0.5343,0.41935483,CHURN,Medium
1255,B_confident,8.50125,0,0.2683,0.096,RETAIN,Low
1257,B_confident,8.50125,0,0.0117,0.04447152,RETAIN,Low
1260,B_confident,8.50125,1,0.9971,0.9887133,CHURN,Critical
1265,A_ambiguous,1.0,1,0.8284,0.7777778,CHURN,Critical
1271,B_confident,8.50125,1,0.9948,0.9887133,CHURN,Critical
1277,B_confident,8.50125,0,0.0856,0.04447152,RETAIN,Low
1280,A_ambiguous,1.0,1,0.5225,0.41935483,CHURN,Medium
1281,A_ambiguous,1.0,0,0.5243,0.41935483,CHURN,Medium
1285,B_confident,8.50125,0,0.0413,0.04447152,RETAIN,Low
1307,A_ambiguous,1.0,1,0.641,0.5294118,CHURN,High
1308,B_confident,8.50125,0,0.0298,0.04447152,RETAIN,Low
1309,A_ambiguous,1.0,0,0.7441,0.6111111,CHURN,High
1310,A_ambiguous,1.0,1,0.7882,0.7671233,CHURN,High
1311,B_confident,8.50125,0,0.0838,0.04447152,RETAIN,Low
1320,B_confident,8.50125,1,0.9493,0.943662,CHURN,Critical
1336,B_confident,8.50125,0,0.1652,0.0625,RETAIN,Low
1341,B_confident,8.50125,1,0.9887,0.97809076,CHURN,Critical
1343,A_ambiguous,1.0,0,0.6348,0.5294118,CHURN,High
1363,B_confident,8.50125,1,0.0343,0.04447152,RETAIN,Low
1365,A_ambiguous,1.0,1,0.8061,0.7671233,CHURN,Critical
1367,A_ambiguous,1.0,1,0.5681,0.41935483,CHURN,Medium
1371,A_ambiguous,1.0,1,0.7482,0.6111111,CHURN,High
1379,A_ambiguous,1.0,1,0.617,0.5294118,CHURN,High
1381,A_ambiguous,1.0,0,0.4026,0.24200913,RETAIN,Medium
1391,B_confident,8.50125,0,0.0758,0.04447152,RETAIN,Low
1395,B_confident,8.50125,0,0.0483,0.04447152,RETAIN,Low
1400,A_ambiguous,1.0,0,0.4439,0.24200913,RETAIN,Medium
1410,A_ambiguous,1.0,0,0.4117,0.24200913,RETAIN,Medium
1414,B_confident,8.50125,0,0.052,0.04447152,RETAIN,Low
1435,B_confident,8.50125,0,0.0453,0.04447152,RETAIN,Low
1438,B_confident,8.50125,1,0.9922,0.97809076,CHURN,Critical
1446,B_confident,8.50125,0,0.0786,0.04447152,RETAIN,Low
1449,B_confident,8.50125,0,0.0483,0.04447152,RETAIN,Low
1452,A_ambiguous,1.0,0,0.4727,0.24200913,RETAIN,Medium
1453,A_ambiguous,1.0,1,0.6878,0.5555556,CHURN,High
1473,A_ambiguous,1.0,0,0.6076,0.5294118,CHURN,High
1484,A_ambiguous,1.0,1,0.6865,0.5555556,CHURN,High
1489,B_confident,8.50125,0,0.046,0.04447152,RETAIN,Low
1490,A_ambiguous,1.0,0,0.591,0.5294118,CHURN,Medium
1505,A_ambiguous,1.0,1,0.5886,0.5294118,CHURN,Medium
1512,B_confident,8.50125,1,0.2588,0.096,RETAIN,Low
1520,B_confident,8.50125,1,0.1744,0.0625,RETAIN,Low
1521,A_ambiguous,1.0,0,0.5226,0.41935483,CHURN,Medium
1525,A_ambiguous,1.0,1,0.788,0.7671233,CHURN,High
1531,B_confident,8.50125,0,0.388,0.24200913,RETAIN,Low
1534,B_confident,8.50125,0,0.0876,0.04447152,RETAIN,Low
1536,A_ambiguous,1.0,0,0.4138,0.24200913,RETAIN,Medium
1548,A_ambiguous,1.0,0,0.4921,0.3,RETAIN,Medium
1550,A_ambiguous,1.0,1,0.7525,0.6111111,CHURN,High
1551,A_ambiguous,1.0,1,0.7354,0.6111111,CHURN,High
1554,A_ambiguous,1.0,0,0.6902,0.5555556,CHURN,High
1557,A_ambiguous,1.0,0,0.6303,0.5294118,CHURN,High
1558,B_confident,8.50125,1,0.9785,0.97809076,CHURN,Critical
1562,B_confident,8.50125,0,0.1904,0.09090909,RETAIN,Low
1578,B_confident,8.50125,1,0.986,0.97809076,CHURN,Critical
1579,B_confident,8.50125,0,0.2186,0.0952381,RETAIN,Low
1585,A_ambiguous,1.0,0,0.6514,0.5555556,CHURN,High
1589,A_ambiguous,1.0,0,0.5084,0.41935483,CHURN,Medium
1591,B_confident,8.50125,1,0.9964,0.9887133,CHURN,Critical
1593,B_confident,8.50125,0,0.3955,0.24200913,RETAIN,Low
1595,B_confident,8.50125,0,0.1532,0.0625,RETAIN,Low
1601,A_ambiguous,1.0,0,0.7241,0.5555556,CHURN,High
1603,A_ambiguous,1.0,1,0.8334,0.7777778,CHURN,Critical
1604,B_confident,8.50125,0,0.0391,0.04447152,RETAIN,Low
1619,A_ambiguous,1.0,0,0.5674,0.41935483,CHURN,Medium
1622,B_confident,8.50125,0,0.0282,0.04447152,RETAIN,Low
1634,A_ambiguous,1.0,1,0.4573,0.24200913,RETAIN,Medium
1637,B_confident,8.50125,0,0.0945,0.04447152,RETAIN,Low
1639,A_ambiguous,1.0,0,0.4901,0.24200913,RETAIN,Medium
1650,B_confident,8.50125,0,0.2298,0.0952381,RETAIN,Low
1652,A_ambiguous,1.0,0,0.5095,0.41935483,CHURN,Medium
1653,A_ambiguous,1.0,1,0.6221,0.5294118,CHURN,High
1656,A_ambiguous,1.0,0,0.6237,0.5294118,CHURN,High
1660,B_confident,8.50125,0,0.0915,0.04447152,RETAIN,Low
1668,B_confident,8.50125,0,0.0694,0.04447152,RETAIN,Low
1673,A_ambiguous,1.0,0,0.5825,0.5294118,CHURN,Medium
1676,A_ambiguous,1.0,1,0.6115,0.5294118,CHURN,High
1680,A_ambiguous,1.0,1,0.7381,0.6111111,CHURN,High
1687,A_ambiguous,1.0,0,0.7172,0.5555556,CHURN,High
1694,B_confident,8.50125,0,0.2774,0.096,RETAIN,Low
1708,B_confident,8.50125,0,0.1289,0.0625,RETAIN,Low
1711,B_confident,8.50125,1,0.9987,0.9887133,CHURN,Critical
1716,A_ambiguous,1.0,0,0.4333,0.24200913,RETAIN,Medium
1717,A_ambiguous,1.0,0,0.4567,0.24200913,RETAIN,Medium
1718,B_confident,8.50125,0,0.0818,0.04447152,RETAIN,Low
1723,B_confident,8.50125,0,0.03,0.04447152,RETAIN,Low
1727,A_ambiguous,1.0,0,0.4561,0.24200913,RETAIN,Medium
1728,A_ambiguous,1.0,1,0.6593,0.5555556,CHURN,High
1732,B_confident,8.50125,0,0.039,0.04447152,RETAIN,Low
1743,A_ambiguous,1.0,0,0.717,0.5555556,CHURN,High
1744,B_confident,8.50125,1,0.9828,0.97809076,CHURN,Critical
1745,A_ambiguous,1.0,1,0.5878,0.5294118,CHURN,Medium
1752,A_ambiguous,1.0,1,0.6509,0.5555556,CHURN,High
1755,A_ambiguous,1.0,0,0.4374,0.24200913,RETAIN,Medium
1770,B_confident,8.50125,0,0.2121,0.0952381,RETAIN,Low
1771,B_confident,8.50125,0,0.0431,0.04447152,RETAIN,Low
1772,B_confident,8.50125,0,0.0223,0.04447152,RETAIN,Low
1776,A_ambiguous,1.0,0,0.8204,0.7671233,CHURN,Critical
1779,A_ambiguous,1.0,0,0.6169,0.5294118,CHURN,High
1785,A_ambiguous,1.0,0,0.4649,0.24200913,RETAIN,Medium
1788,B_confident,8.50125,1,0.9927,0.97809076,CHURN,Critical
1795,A_ambiguous,1.0,0,0.7389,0.6111111,CHURN,High
1804,A_ambiguous,1.0,1,0.4859,0.24200913,RETAIN,Medium
1805,B_confident,8.50125,0,0.057,0.04447152,RETAIN,Low
1815,A_ambiguous,1.0,0,0.6861,0.5555556,CHURN,High
1822,B_confident,8.50125,0,0.1156,0.050884955,RETAIN,Low
1826,A_ambiguous,1.0,0,0.5808,0.5294118,CHURN,Medium
1830,A_ambiguous,1.0,1,0.7275,0.5555556,CHURN,High
1836,A_ambiguous,1.0,0,0.618,0.5294118,CHURN,High
1838,B_confident,8.50125,0,0.0845,0.04447152,RETAIN,Low
1839,B_confident,8.50125,1,0.1911,0.09090909,RETAIN,Low
1841,B_confident,8.50125,0,0.0227,0.04447152,RETAIN,Low
1842,B_confident,8.50125,0,0.194,0.0952381,RETAIN,Low
1846,B_confident,8.50125,0,0.0776,0.04447152,RETAIN,Low
1860,B_confident,8.50125,1,0.1049,0.050884955,RETAIN,Low
1866,B_confident,8.50125,0,0.0311,0.04447152,RETAIN,Low
1868,A_ambiguous,1.0,1,0.7729,0.6111111,CHURN,High
1871,A_ambiguous,1.0,1,0.7673,0.6111111,CHURN,High
1873,A_ambiguous,1.0,1,0.5473,0.41935483,CHURN,Medium
1889,B_confident,8.50125,1,0.9942,0.97809076,CHURN,Critical
1897,A_ambiguous,1.0,0,0.4953,0.3,RETAIN,Medium
1899,A_ambiguous,1.0,1,0.7645,0.6111111,CHURN,High
1902,B_confident,8.50125,0,0.1121,0.050884955,RETAIN,Low
1907,A_ambiguous,1.0,1,0.6005,0.5294118,CHURN,High
1908,B_confident,8.50125,0,0.0426,0.04447152,RETAIN,Low
1918,B_confident,8.50125,0,0.1297,0.0625,RETAIN,Low
1926,A_ambiguous,1.0,0,0.6075,0.5294118,CHURN,High
1927,B_confident,8.50125,0,0.057,0.04447152,RETAIN,Low
1931,B_confident,8.50125,0,0.291,0.096,RETAIN,Low
1938,B_confident,8.50125,0,0.1024,0.050884955,RETAIN,Low
1943,A_ambiguous,1.0,0,0.4972,0.3,RETAIN,Medium
1950,B_confident,8.50125,0,0.1304,0.0625,RETAIN,Low
1963,B_confident,8.50125,0,0.0851,0.04447152,RETAIN,Low
1964,A_ambiguous,1.0,0,0.842,0.7777778,CHURN,Critical
1967,B_confident,8.50125,1,0.9987,0.9887133,CHURN,Critical
1972,A_ambiguous,1.0,1,0.8155,0.7671233,CHURN,Critical
1975,A_ambiguous,1.0,1,0.7924,0.7671233,CHURN,High
1978,A_ambiguous,1.0,1,0.7538,0.6111111,CHURN,High
1980,A_ambiguous,1.0,0,0.5524,0.41935483,CHURN,Medium
1989,B_confident,8.50125,0,0.2569,0.096,RETAIN,Low
2007,A_ambiguous,1.0,1,0.776,0.6666667,CHURN,High
2008,B_confident,8.50125,1,0.9855,0.97809076,CHURN,Critical
2010,B_confident,8.50125,0,0.1275,0.0625,RETAIN,Low
2012,A_ambiguous,1.0,1,0.8415,0.7777778,CHURN,Critical
2017,B_confident,8.50125,0,0.3567,0.20224719,RETAIN,Low
2022,A_ambiguous,1.0,0,0.5716,0.5,CHURN,Medium
2032,B_confident,8.50125,1,0.9974,0.9887133,CHURN,Critical
2048,A_ambiguous,1.0,0,0.5156,0.41935483,CHURN,Medium
2050,B_confident,8.50125,0,0.2311,0.095364,RETAIN,Low
2053,B_confident,8.50125,0,0.0193,0.04447152,RETAIN,Low
2055,A_ambiguous,1.0,0,0.4675,0.24200913,RETAIN,Medium
2063,B_confident,8.50125,1,0.9532,0.943662,CHURN,Critical
2069,A_ambiguous,1.0,0,0.4823,0.24200913,RETAIN,Medium
2070,B_confident,8.50125,0,0.1664,0.0625,RETAIN,Low
2073,B_confident,8.50125,0,0.0202,0.04447152,RETAIN,Low
2090,A_ambiguous,1.0,0,0.4675,0.24200913,RETAIN,Medium
2092,B_confident,8.50125,0,0.1922,0.09090909,RETAIN,Low
2095,B_confident,8.50125,0,0.1042,0.050884955,RETAIN,Low
2097,B_confident,8.50125,0,0.0503,0.04447152,RETAIN,Low
2101,A_ambiguous,1.0,1,0.8399,0.7777778,CHURN,Critical
2104,B_confident,8.50125,0,0.094,0.04447152,RETAIN,Low
2111,A_ambiguous,1.0,1,0.6277,0.5294118,CHURN,High
2112,B_confident,8.50125,0,0.1874,0.07594936,RETAIN,Low
2118,A_ambiguous,1.0,0,0.419,0.24200913,RETAIN,Medium
2121,A_ambiguous,1.0,1,0.5268,0.41935483,CHURN,Medium
2129,B_confident,8.50125,0,0.0456,0.04447152,RETAIN,Low
2133,A_ambiguous,1.0,0,0.5496,0.41935483,CHURN,Medium
2137,A_ambiguous,1.0,0,0.4195,0.24200913,RETAIN,Medium
2149,B_confident,8.50125,1,0.9898,0.97809076,CHURN,Critical
2162,B_confident,8.50125,1,0.0823,0.04447152,RETAIN,Low
2166,B_confident,8.50125,0,0.1507,0.0625,RETAIN,Low
2170,A_ambiguous,1.0,1,0.5829,0.5294118,CHURN,Medium
2173,B_confident,8.50125,0,0.2075,0.0952381,RETAIN,Low
2175,B_confident,8.50125,0,0.0783,0.04447152,RETAIN,Low
2195,B_confident,8.50125,0,0.1113,0.050884955,RETAIN,Low
2196,B_confident,8.50125,1,0.9973,0.9887133,CHURN,Critical
2206,B_confident,8.50125,0,0.1468,0.0625,RETAIN,Low
2207,A_ambiguous,1.0,1,0.5527,0.41935483,CHURN,Medium
2209,B_confident,8.50125,1,0.9806,0.97809076,CHURN,Critical
2223,B_confident,8.50125,0,0.0709,0.04447152,RETAIN,Low
2225,B_confident,8.50125,0,0.0683,0.04447152,RETAIN,Low
2227,B_confident,8.50125,0,0.0354,0.04447152,RETAIN,Low
2232,A_ambiguous,1.0,0,0.8209,0.7671233,CHURN,Critical
2233,A_ambiguous,1.0,0,0.5791,0.5294118,CHURN,Medium
2236,A_ambiguous,1.0,0,0.6638,0.5555556,CHURN,High
2238,A_ambiguous,1.0,0,0.6482,0.5555556,CHURN,High
2239,B_confident,8.50125,0,0.2233,0.0952381,RETAIN,Low
2240,A_ambiguous,1.0,0,0.4549,0.24200913,RETAIN,Medium
2248,B_confident,8.50125,0,0.3434,0.20224719,RETAIN,Low
2249,A_ambiguous,1.0,1,0.7907,0.7671233,CHURN,High
2253,A_ambiguous,1.0,0,0.7689,0.6111111,CHURN,High
2254,A_ambiguous,1.0,1,0.5927,0.5294118,CHURN,Medium
2261,A_ambiguous,1.0,1,0.7536,0.6111111,CHURN,High
2264,A_ambiguous,1.0,0,0.5554,0.41935483,CHURN,Medium
2267,B_confident,8.50125,1,0.991,0.97809076,CHURN,Critical
2270,B_confident,8.50125,0,0.095,0.04447152,RETAIN,Low
2276,B_confident,8.50125,0,0.0733,0.04447152,RETAIN,Low
2277,B_confident,8.50125,1,0.2514,0.096,RETAIN,Low
2280,A_ambiguous,1.0,1,0.8167,0.7671233,CHURN,Critical
2288,B_confident,8.50125,0,0.0947,0.04447152,RETAIN,Low
2311,B_confident,8.50125,1,0.9884,0.97809076,CHURN,Critical
2313,A_ambiguous,1.0,0,0.4447,0.24200913,RETAIN,Medium
2314,A_ambiguous,1.0,0,0.7035,0.5555556,CHURN,High
2330,A_ambiguous,1.0,0,0.673,0.5555556,CHURN,High
2333,A_ambiguous,1.0,1,0.6279,0.5294118,CHURN,High
2343,B_confident,8.50125,0,0.0633,0.04447152,RETAIN,Low
2365,B_confident,8.50125,0,0.1449,0.0625,RETAIN,Low
2367,A_ambiguous,1.0,0,0.4308,0.24200913,RETAIN,Medium
2400,B_confident,8.50125,1,0.9711,0.9673913,CHURN,Critical
2403,A_ambiguous,1.0,1,0.6891,0.5555556,CHURN,High
2408,B_confident,8.50125,0,0.0141,0.04447152,RETAIN,Low
2413,B_confident,8.50125,0,0.0538,0.04447152,RETAIN,Low
2415,A_ambiguous,1.0,0,0.6618,0.5555556,CHURN,High
2425,A_ambiguous,1.0,0,0.5218,0.41935483,CHURN,Medium
2434,B_confident,8.50125,0,0.108,0.050884955,RETAIN,Low
2439,A_ambiguous,1.0,1,0.7809,0.7671233,CHURN,High
2441,A_ambiguous,1.0,1,0.7665,0.6111111,CHURN,High
2445,B_confident,8.50125,1,0.8797,0.8513514,CHURN,Critical
2451,A_ambiguous,1.0,1,0.7698,0.6111111,CHURN,High
2459,A_ambiguous,1.0,1,0.496,0.3,RETAIN,Medium
2464,A_ambiguous,1.0,0,0.5297,0.41935483,CHURN,Medium
2467,A_ambiguous,1.0,0,0.7316,0.59547305,CHURN,High
2469,A_ambiguous,1.0,1,0.6847,0.5555556,CHURN,High
2475,A_ambiguous,1.0,1,0.7175,0.5555556,CHURN,High
2476,A_ambiguous,1.0,0,0.4837,0.24200913,RETAIN,Medium
2491,B_confident,8.50125,0,0.0458,0.04447152,RETAIN,Low
2498,B_confident,8.50125,1,0.9895,0.97809076,CHURN,Critical
2499,A_ambiguous,1.0,0,0.4447,0.24200913,RETAIN,Medium
2503,A_ambiguous,1.0,0,0.502,0.41935483,CHURN,Medium
2504,B_confident,8.50125,1,0.9761,0.97809076,CHURN,Critical
2511,A_ambiguous,1.0,1,0.4804,0.24200913,RETAIN,Medium
2513,B_confident,8.50125,1,0.942,0.91735536,CHURN,Critical
2514,A_ambiguous,1.0,1,0.4989,0.3,RETAIN,Medium
2515,A_ambiguous,1.0,1,0.8228,0.7777778,CHURN,Critical
2519,A_ambiguous,1.0,1,0.8333,0.7777778,CHURN,Critical
2520,A_ambiguous,1.0,1,0.845,0.78714705,CHURN,Critical
2522,A_ambiguous,1.0,0,0.4477,0.24200913,RETAIN,Medium
2527,B_confident,8.50125,0,0.0445,0.04447152,RETAIN,Low
2541,A_ambiguous,1.0,1,0.8023,0.7671233,CHURN,Critical
2545,B_confident,8.50125,0,0.0225,0.04447152,RETAIN,Low
2550,B_confident,8.50125,0,0.1031,0.050884955,RETAIN,Low
2551,B_confident,8.50125,1,0.9981,0.9887133,CHURN,Critical
2552,A_ambiguous,1.0,1,0.7215,0.5555556,CHURN,High
2561,B_confident,8.50125,0,0.143,0.0625,RETAIN,Low
2568,A_ambiguous,1.0,1,0.8314,0.7777778,CHURN,Critical
2573,B_confident,8.50125,0,0.0896,0.04447152,RETAIN,Low
2575,A_ambiguous,1.0,0,0.4848,0.24200913,RETAIN,Medium
2579,A_ambiguous,1.0,0,0.5628,0.41935483,CHURN,Medium
2584,A_ambiguous,1.0,0,0.4674,0.24200913,RETAIN,Medium
2587,A_ambiguous,1.0,1,0.8231,0.7777778,CHURN,Critical
2591,B_confident,8.50125,0,0.0184,0.04447152,RETAIN,Low
2599,A_ambiguous,1.0,0,0.6143,0.5294118,CHURN,High
2606,A_ambiguous,1.0,0,0.4047,0.24200913,RETAIN,Medium
2608,B_confident,8.50125,1,0.9577,0.943662,CHURN,Critical
2610,A_ambiguous,1.0,0,0.4728,0.24200913,RETAIN,Medium
2619,A_ambiguous,1.0,0,0.4624,0.24200913,RETAIN,Medium
2625,A_ambiguous,1.0,0,0.8309,0.7777778,CHURN,Critical
2631,A_ambiguous,1.0,1,0.8108,0.7671233,CHURN,Critical
2637,B_confident,8.50125,0,0.0223,0.04447152,RETAIN,Low
2644,A_ambiguous,1.0,0,0.5626,0.41935483,CHURN,Medium
2649,B_confident,8.50125,0,0.089,0.04447152,RETAIN,Low
2666,B_confident,8.50125,0,0.0727,0.04447152,RETAIN,Low
2681,B_confident,8.50125,0,0.1012,0.050884955,RETAIN,Low
2683,B_confident,8.50125,0,0.3706,0.20224719,RETAIN,Low
2685,B_confident,8.50125,0,0.148,0.0625,RETAIN,Low
2691,A_ambiguous,1.0,0,0.6394,0.5294118,CHURN,High
2698,A_ambiguous,1.0,1,0.6838,0.5555556,CHURN,High
2699,A_ambiguous,1.0,0,0.6425,0.5294118,CHURN,High
2703,A_ambiguous,1.0,1,0.5469,0.41935483,CHURN,Medium
2705,A_ambiguous,1.0,0,0.7498,0.6111111,CHURN,High
2722,A_ambiguous,1.0,0,0.4031,0.24200913,RETAIN,Medium
2726,A_ambiguous,1.0,0,0.5444,0.41935483,CHURN,Medium
2728,B_confident,8.50125,0,0.0256,0.04447152,RETAIN,Low
2730,B_confident,8.50125,0,0.0582,0.04447152,RETAIN,Low
2748,A_ambiguous,1.0,0,0.6148,0.5294118,CHURN,High
2763,A_ambiguous,1.0,1,0.7376,0.6111111,CHURN,High
2765,B_confident,8.50125,0,0.0675,0.04447152,RETAIN,Low
2766,A_ambiguous,1.0,0,0.7506,0.6111111,CHURN,High
2768,A_ambiguous,1.0,1,0.8448,0.7777778,CHURN,Critical
2773,B_confident,8.50125,1,0.9766,0.97809076,CHURN,Critical
2774,A_ambiguous,1.0,0,0.5555,0.41935483,CHURN,Medium
2776,B_confident,8.50125,0,0.1128,0.050884955,RETAIN,Low
2780,A_ambiguous,1.0,1,0.4852,0.24200913,RETAIN,Medium
2782,B_confident,8.50125,0,0.048,0.04447152,RETAIN,Low
2786,B_confident,8.50125,0,0.0655,0.04447152,RETAIN,Low
2788,A_ambiguous,1.0,1,0.5042,0.41935483,CHURN,Medium
2789,A_ambiguous,1.0,0,0.6425,0.5294118,CHURN,High
2806,B_confident,8.50125,0,0.0519,0.04447152,RETAIN,Low
2816,B_confident,8.50125,1,0.9978,0.9887133,CHURN,Critical
2820,B_confident,8.50125,0,0.1061,0.050884955,RETAIN,Low
2824,A_ambiguous,1.0,1,0.4046,0.24200913,RETAIN,Medium
2828,A_ambiguous,1.0,0,0.8183,0.7671233,CHURN,Critical
2829,A_ambiguous,1.0,0,0.4365,0.24200913,RETAIN,Medium
2841,A_ambiguous,1.0,1,0.751,0.6111111,CHURN,High
2848,A_ambiguous,1.0,0,0.7545,0.6111111,CHURN,High
2850,B_confident,8.50125,0,0.0486,0.04447152,RETAIN,Low
2854,A_ambiguous,1.0,1,0.5146,0.41935483,CHURN,Medium
2855,B_confident,8.50125,0,0.1384,0.0625,RETAIN,Low
2859,B_confident,8.50125,0,0.3812,0.24200913,RETAIN,Low
2865,B_confident,8.50125,0,0.0616,0.04447152,RETAIN,Low
2873,A_ambiguous,1.0,1,0.815,0.7671233,CHURN,Critical
2875,B_confident,8.50125,0,0.0245,0.04447152,RETAIN,Low
2877,A_ambiguous,1.0,0,0.4278,0.24200913,RETAIN,Medium
2884,B_confident,8.50125,0,0.0707,0.04447152,RETAIN,Low
2889,A_ambiguous,1.0,0,0.407,0.24200913,RETAIN,Medium
2892,B_confident,8.50125,0,0.0433,0.04447152,RETAIN,Low
2895,A_ambiguous,1.0,1,0.6671,0.5555556,CHURN,High
2906,A_ambiguous,1.0,1,0.5135,0.41935483,CHURN,Medium
2911,A_ambiguous,1.0,0,0.5507,0.41935483,CHURN,Medium
2917,A_ambiguous,1.0,1,0.8202,0.7671233,CHURN,Critical
2921,B_confident,8.50125,0,0.0227,0.04447152,RETAIN,Low
2940,A_ambiguous,1.0,0,0.4745,0.24200913,RETAIN,Medium
2948,A_ambiguous,1.0,0,0.573,0.5,CHURN,Medium
2953,B_confident,8.50125,1,0.9939,0.97809076,CHURN,Critical
2963,B_confident,8.50125,0,0.1022,0.050884955,RETAIN,Low
2965,A_ambiguous,1.0,0,0.6131,0.5294118,CHURN,High
2976,B_confident,8.50125,1,0.9603,0.96428573,CHURN,Critical
2979,A_ambiguous,1.0,1,0.6931,0.5555556,CHURN,High
2995,A_ambiguous,1.0,1,0.4455,0.24200913,RETAIN,Medium
3000,B_confident,8.50125,0,0.0998,0.05,RETAIN,Low
3009,A_ambiguous,1.0,0,0.645,0.5555556,CHURN,High
3011,B_confident,8.50125,0,0.1011,0.050884955,RETAIN,Low
3015,A_ambiguous,1.0,0,0.4018,0.24200913,RETAIN,Medium
3028,B_confident,8.50125,0,0.0786,0.04447152,RETAIN,Low
3033,B_confident,8.50125,0,0.1587,0.0625,RETAIN,Low
3041,A_ambiguous,1.0,0,0.6918,0.5555556,CHURN,High
3042,A_ambiguous,1.0,1,0.7639,0.6111111,CHURN,High
3054,A_ambiguous,1.0,0,0.4823,0.24200913,RETAIN,Medium
3064,B_confident,8.50125,0,0.1248,0.0625,RETAIN,Low
3070,B_confident,8.50125,0,0.0637,0.04447152,RETAIN,Low
3075,A_ambiguous,1.0,0,0.6166,0.5294118,CHURN,High
3076,A_ambiguous,1.0,0,0.6229,0.5294118,CHURN,High
3079,A_ambiguous,1.0,0,0.6186,0.5294118,CHURN,High
3080,B_confident,8.50125,1,0.8603,0.8333333,CHURN,Critical
3082,A_ambiguous,1.0,1,0.6814,0.5555556,CHURN,High
3090,A_ambiguous,1.0,1,0.7162,0.5555556,CHURN,High
3094,B_confident,8.50125,1,0.9951,0.9887133,CHURN,Critical
3095,B_confident,8.50125,0,0.0621,0.04447152,RETAIN,Low
3096,A_ambiguous,1.0,0,0.4889,0.24200913,RETAIN,Medium
3103,B_confident,8.50125,1,0.9838,0.97809076,CHURN,Critical
3105,B_confident,8.50125,0,0.0363,0.04447152,RETAIN,Low
3106,B_confident,8.50125,1,0.8453,0.8125,CHURN,Critical
3107,B_confident,8.50125,0,0.0298,0.04447152,RETAIN,Low
3108,B_confident,8.50125,1,0.9717,0.9673913,CHURN,Critical
3117,A_ambiguous,1.0,1,0.8432,0.7777778,CHURN,Critical
3119,B_confident,8.50125,0,0.1608,0.0625,RETAIN,Low
3124,B_confident,8.50125,1,0.9929,0.97809076,CHURN,Critical
3126,B_confident,8.50125,1,0.9907,0.97809076,CHURN,Critical
3127,A_ambiguous,1.0,0,0.469,0.24200913,RETAIN,Medium
3128,A_ambiguous,1.0,0,0.8028,0.7671233,CHURN,Critical
3132,A_ambiguous,1.0,0,0.5069,0.41935483,CHURN,Medium
3136,B_confident,8.50125,0,0.0086,0.0,RETAIN,Low
3137,A_ambiguous,1.0,0,0.5219,0.41935483,CHURN,Medium
3139,A_ambiguous,1.0,1,0.8295,0.7777778,CHURN,Critical
3142,B_confident,8.50125,0,0.2216,0.0952381,RETAIN,Low
3147,B_confident,8.50125,0,0.0313,0.04447152,RETAIN,Low
3156,A_ambiguous,1.0,0,0.6681,0.5555556,CHURN,High
3161,B_confident,8.50125,1,0.996,0.9887133,CHURN,Critical
3181,A_ambiguous,1.0,0,0.4455,0.24200913,RETAIN,Medium
3185,B_confident,8.50125,0,0.102,0.050884955,RETAIN,Low
3190,B_confident,8.50125,1,0.1092,0.050884955,RETAIN,Low
3191,A_ambiguous,1.0,1,0.4215,0.24200913,RETAIN,Medium
3203,B_confident,8.50125,0,0.0168,0.04447152,RETAIN,Low
3211,B_confident,8.50125,0,0.1661,0.0625,RETAIN,Low
3215,A_ambiguous,1.0,1,0.5709,0.5,CHURN,Medium
3223,B_confident,8.50125,0,0.2567,0.096,RETAIN,Low
3232,A_ambiguous,1.0,1,0.4809,0.24200913,RETAIN,Medium
3237,B_confident,8.50125,1,0.9409,0.91735536,CHURN,Critical
3244,A_ambiguous,1.0,1,0.5383,0.41935483,CHURN,Medium
3248,A_ambiguous,1.0,0,0.6873,0.5555556,CHURN,High
3250,A_ambiguous,1.0,0,0.5188,0.41935483,CHURN,Medium
3257,A_ambiguous,1.0,0,0.6006,0.5294118,CHURN,High
3260,B_confident,8.50125,0,0.0262,0.04447152,RETAIN,Low
3265,B_confident,8.50125,1,0.9925,0.97809076,CHURN,Critical
3267,B_confident,8.50125,0,0.0335,0.04447152,RETAIN,Low
3270,B_confident,8.50125,0,0.079,0.04447152,RETAIN,Low
3278,B_confident,8.50125,1,0.9967,0.9887133,CHURN,Critical
3280,A_ambiguous,1.0,1,0.6129,0.5294118,CHURN,High
3282,A_ambiguous,1.0,1,0.661,0.5555556,CHURN,High
3283,B_confident,8.50125,0,0.018,0.04447152,RETAIN,Low
3284,A_ambiguous,1.0,0,0.4,0.24200913,RETAIN,Low
3291,B_confident,8.50125,0,0.0743,0.04447152,RETAIN,Low
3292,B_confident,8.50125,1,0.9949,0.9887133,CHURN,Critical
3293,B_confident,8.50125,0,0.0564,0.04447152,RETAIN,Low
3299,B_confident,8.50125,0,0.0433,0.04447152,RETAIN,Low
3305,B_confident,8.50125,0,0.0468,0.04447152,RETAIN,Low
3310,B_confident,8.50125,0,0.107,0.050884955,RETAIN,Low
3314,A_ambiguous,1.0,1,0.5235,0.41935483,CHURN,Medium
3316,B_confident,8.50125,0,0.0119,0.04447152,RETAIN,Low
3319,B_confident,8.50125,1,0.9909,0.97809076,CHURN,Critical
3320,B_confident,8.50125,0,0.0375,0.04447152,RETAIN,Low
3327,A_ambiguous,1.0,1,0.6451,0.5555556,CHURN,High
3329,A_ambiguous,1.0,1,0.502,0.41935483,CHURN,Medium
3338,B_confident,8.50125,0,0.0688,0.04447152,RETAIN,Low
3341,A_ambiguous,1.0,0,0.67,0.5555556,CHURN,High
3345,A_ambiguous,1.0,1,0.7939,0.7671233,CHURN,High
3350,B_confident,8.50125,1,0.9564,0.943662,CHURN,Critical
3356,A_ambiguous,1.0,0,0.7532,0.6111111,CHURN,High
3358,B_confident,8.50125,0,0.2758,0.096,RETAIN,Low
3367,B_confident,8.50125,0,0.0414,0.04447152,RETAIN,Low
3369,B_confident,8.50125,1,0.9886,0.97809076,CHURN,Critical
3373,B_confident,8.50125,0,0.0405,0.04447152,RETAIN,Low
3384,B_confident,8.50125,0,0.177,0.0625,RETAIN,Low
3386,B_confident,8.50125,0,0.0545,0.04447152,RETAIN,Low
3387,A_ambiguous,1.0,1,0.6676,0.5555556,CHURN,High
3391,B_confident,8.50125,0,0.0969,0.04447152,RETAIN,Low
3396,B_confident,8.50125,0,0.0254,0.04447152,RETAIN,Low
3397,B_confident,8.50125,1,0.9149,0.8913044,CHURN,Critical
3399,A_ambiguous,1.0,1,0.7318,0.60520804,CHURN,High
3403,A_ambiguous,1.0,1,0.6757,0.5555556,CHURN,High
3406,B_confident,8.50125,0,0.073,0.04447152,RETAIN,Low
3410,A_ambiguous,1.0,1,0.8321,0.7777778,CHURN,Critical
3413,B_confident,8.50125,1,0.9938,0.97809076,CHURN,Critical
3421,B_confident,8.50125,1,0.8962,0.8513514,CHURN,Critical
3425,B_confident,8.50125,0,0.0814,0.04447152,RETAIN,Low
3430,B_confident,8.50125,0,0.0088,0.041666668,RETAIN,Low
3434,B_confident,8.50125,1,0.142,0.0625,RETAIN,Low
3439,B_confident,8.50125,0,0.0449,0.04447152,RETAIN,Low
3441,B_confident,8.50125,0,0.2576,0.096,RETAIN,Low
3442,A_ambiguous,1.0,0,0.6253,0.5294118,CHURN,High
3443,A_ambiguous,1.0,0,0.4896,0.24200913,RETAIN,Medium
3444,A_ambiguous,1.0,1,0.633,0.5294118,CHURN,High
3445,B_confident,8.50125,1,0.9618,0.96428573,CHURN,Critical
3446,A_ambiguous,1.0,1,0.6477,0.5555556,CHURN,High
3454,B_confident,8.50125,1,0.0449,0.04447152,RETAIN,Low
3457,A_ambiguous,1.0,1,0.7225,0.5555556,CHURN,High
3459,B_confident,8.50125,0,0.3324,0.20224719,RETAIN,Low
3466,B_confident,8.50125,1,0.9981,0.9887133,CHURN,Critical
3468,A_ambiguous,1.0,0,0.675,0.5555556,CHURN,High
3475,B_confident,8.50125,0,0.0481,0.04447152,RETAIN,Low
3476,B_confident,8.50125,1,0.9959,0.9887133,CHURN,Critical
3478,A_ambiguous,1.0,1,0.4976,0.3,RETAIN,Medium
3488,A_ambiguous,1.0,0,0.6512,0.5555556,CHURN,High
3489,B_confident,8.50125,0,0.0356,0.04447152,RETAIN,Low
3494,B_confident,8.50125,0,0.044,0.04447152,RETAIN,Low
3503,B_confident,8.50125,1,0.8537,0.8333333,CHURN,Critical
3514,A_ambiguous,1.0,1,0.6132,0.5294118,CHURN,High
3517,A_ambiguous,1.0,0,0.7951,0.7671233,CHURN,High
3518,B_confident,8.50125,0,0.1034,0.050884955,RETAIN,Low
3530,A_ambiguous,1.0,1,0.6692,0.5555556,CHURN,High
3531,B_confident,8.50125,0,0.0729,0.04447152,RETAIN,Low
3533,B_confident,8.50125,0,0.0389,0.04447152,RETAIN,Low
3541,A_ambiguous,1.0,1,0.4741,0.24200913,RETAIN,Medium
3557,B_confident,8.50125,0,0.1628,0.0625,RETAIN,Low
3562,A_ambiguous,1.0,1,0.8378,0.7777778,CHURN,Critical
3563,A_ambiguous,1.0,1,0.6028,0.5294118,CHURN,High
3567,A_ambiguous,1.0,1,0.7547,0.6111111,CHURN,High
3571,A_ambiguous,1.0,0,0.4157,0.24200913,RETAIN,Medium
3578,B_confident,8.50125,0,0.0107,0.041666668,RETAIN,Low
3585,A_ambiguous,1.0,0,0.4649,0.24200913,RETAIN,Medium
3596,A_ambiguous,1.0,0,0.5304,0.41935483,CHURN,Medium
3598,B_confident,8.50125,0,0.0396,0.04447152,RETAIN,Low
3604,B_confident,8.50125,0,0.0399,0.04447152,RETAIN,Low
3611,A_ambiguous,1.0,0,0.5699,0.5,CHURN,Medium
3618,A_ambiguous,1.0,1,0.4882,0.24200913,RETAIN,Medium
3619,A_ambiguous,1.0,0,0.4988,0.3,RETAIN,Medium
3624,A_ambiguous,1.0,0,0.5792,0.5294118,CHURN,Medium
3634,A_ambiguous,1.0,1,0.7944,0.7671233,CHURN,High
3648,A_ambiguous,1.0,1,0.8283,0.7777778,CHURN,Critical
3650,A_ambiguous,1.0,0,0.6977,0.5555556,CHURN,High
3653,A_ambiguous,1.0,1,0.6002,0.5294118,CHURN,High
3667,B_confident,8.50125,0,0.0545,0.04447152,RETAIN,Low
3673,B_confident,8.50125,0,0.0422,0.04447152,RETAIN,Low
3675,B_confident,8.50125,0,0.3726,0.24200913,RETAIN,Low
3676,B_confident,8.50125,0,0.1183,0.050884955,RETAIN,Low
3682,B_confident,8.50125,0,0.1138,0.050884955,RETAIN,Low
3684,A_ambiguous,1.0,0,0.8039,0.7671233,CHURN,Critical
3689,B_confident,8.50125,1,0.9837,0.97809076,CHURN,Critical
3693,A_ambiguous,1.0,1,0.8117,0.7671233,CHURN,Critical
3697,B_confident,8.50125,0,0.0112,0.04447152,RETAIN,Low
3700,B_confident,8.50125,0,0.0279,0.04447152,RETAIN,Low
3702,B_confident,8.50125,1,0.0183,0.04447152,RETAIN,Low
3709,B_confident,8.50125,0,0.0599,0.04447152,RETAIN,Low
3716,B_confident,8.50125,0,0.0348,0.04447152,RETAIN,Low
3719,B_confident,8.50125,0,0.0075,0.0,RETAIN,Low
3725,B_confident,8.50125,0,0.0247,0.04447152,RETAIN,Low
3728,A_ambiguous,1.0,0,0.775,0.6666667,CHURN,High
3732,B_confident,8.50125,1,0.9945,0.9887133,CHURN,Critical
3735,B_confident,8.50125,0,0.0679,0.04447152,RETAIN,Low
3742,B_confident,8.50125,0,0.1285,0.0625,RETAIN,Low
3743,A_ambiguous,1.0,1,0.5862,0.5294118,CHURN,Medium
3748,A_ambiguous,1.0,1,0.4825,0.24200913,RETAIN,Medium
3750,A_ambiguous,1.0,0,0.6348,0.5294118,CHURN,High
3755,A_ambiguous,1.0,1,0.638,0.5294118,CHURN,High
3762,B_confident,8.50125,0,0.8499,0.8125,CHURN,Critical
3770,A_ambiguous,1.0,1,0.7411,0.6111111,CHURN,High
3771,B_confident,8.50125,0,0.0519,0.04447152,RETAIN,Low
3776,A_ambiguous,1.0,1,0.6312,0.5294118,CHURN,High
3777,A_ambiguous,1.0,1,0.7188,0.5555556,CHURN,High
3778,B_confident,8.50125,0,0.0712,0.04447152,RETAIN,Low
3793,B_confident,8.50125,1,0.9857,0.97809076,CHURN,Critical
3794,B_confident,8.50125,0,0.3685,0.20224719,RETAIN,Low
3800,B_confident,8.50125,1,0.9481,0.91735536,CHURN,Critical
3804,B_confident,8.50125,1,0.9998,1.0,CHURN,Critical
3812,B_confident,8.50125,1,0.9961,0.9887133,CHURN,Critical
3814,B_confident,8.50125,1,0.9835,0.97809076,CHURN,Critical
3822,A_ambiguous,1.0,1,0.7314,0.585741,CHURN,High
3833,A_ambiguous,1.0,0,0.5841,0.5294118,CHURN,Medium
3836,B_confident,8.50125,0,0.0431,0.04447152,RETAIN,Low
3848,A_ambiguous,1.0,1,0.5492,0.41935483,CHURN,Medium
3851,A_ambiguous,1.0,1,0.8251,0.7777778,CHURN,Critical
3859,B_confident,8.50125,0,0.1794,0.07594936,RETAIN,Low
3866,B_confident,8.50125,0,0.0607,0.04447152,RETAIN,Low
3878,A_ambiguous,1.0,0,0.5149,0.41935483,CHURN,Medium
3888,A_ambiguous,1.0,1,0.7119,0.5555556,CHURN,High
3906,A_ambiguous,1.0,0,0.7164,0.5555556,CHURN,High
3909,A_ambiguous,1.0,0,0.4133,0.24200913,RETAIN,Medium
3911,A_ambiguous,1.0,0,0.4412,0.24200913,RETAIN,Medium
3926,B_confident,8.50125,0,0.1259,0.0625,RETAIN,Low
3932,B_confident,8.50125,0,0.2748,0.096,RETAIN,Low
3942,B_confident,8.50125,0,0.074,0.04447152,RETAIN,Low
3944,B_confident,8.50125,0,0.1182,0.050884955,RETAIN,Low
3948,A_ambiguous,1.0,1,0.5439,0.41935483,CHURN,Medium
3949,A_ambiguous,1.0,1,0.8091,0.7671233,CHURN,Critical
3951,A_ambiguous,1.0,0,0.5,0.30383658,CHURN,Medium
3952,B_confident,8.50125,1,0.9867,0.97809076,CHURN,Critical
3959,A_ambiguous,1.0,0,0.4664,0.24200913,RETAIN,Medium
3965,B_confident,8.50125,0,0.2995,0.096,RETAIN,Low
3966,B_confident,8.50125,0,0.0861,0.04447152,RETAIN,Low
3972,B_confident,8.50125,0,0.064,0.04447152,RETAIN,Low
3984,B_confident,8.50125,1,0.9466,0.91735536,CHURN,Critical
3989,B_confident,8.50125,0,0.3458,0.20224719,RETAIN,Low
3995,A_ambiguous,1.0,0,0.4817,0.24200913,RETAIN,Medium
3998,A_ambiguous,1.0,0,0.7765,0.6666667,CHURN,High
4003,A_ambiguous,1.0,1,0.7611,0.6111111,CHURN,High
4006,B_confident,8.50125,0,0.0426,0.04447152,RETAIN,Low
4007,A_ambiguous,1.0,1,0.7977,0.7671233,CHURN,High
4010,A_ambiguous,1.0,0,0.4242,0.24200913,RETAIN,Medium
4014,B_confident,8.50125,0,0.0633,0.04447152,RETAIN,Low
4019,B_confident,8.50125,0,0.0732,0.04447152,RETAIN,Low
4022,B_confident,8.50125,0,0.0608,0.04447152,RETAIN,Low
4024,B_confident,8.50125,1,0.9923,0.97809076,CHURN,Critical
4026,A_ambiguous,1.0,0,0.8071,0.7671233,CHURN,Critical
4027,A_ambiguous,1.0,0,0.458,0.24200913,RETAIN,Medium
4032,B_confident,8.50125,0,0.1015,0.050884955,RETAIN,Low
4034,A_ambiguous,1.0,0,0.6639,0.5555556,CHURN,High
4040,A_ambiguous,1.0,0,0.7009,0.5555556,CHURN,High
4045,A_ambiguous,1.0,0,0.6572,0.5555556,CHURN,High
4047,B_confident,8.50125,0,0.0512,0.04447152,RETAIN,Low
4053,A_ambiguous,1.0,1,0.7934,0.7671233,CHURN,High
4056,B_confident,8.50125,0,0.0499,0.04447152,RETAIN,Low
4063,B_confident,8.50125,1,0.9044,0.8913044,CHURN,Critical
4065,A_ambiguous,1.0,0,0.5644,0.41935483,CHURN,Medium
4069,B_confident,8.50125,0,0.0661,0.04447152,RETAIN,Low
4073,A_ambiguous,1.0,0,0.5343,0.41935483,CHURN,Medium
4079,B_confident,8.50125,1,0.9969,0.9887133,CHURN,Critical
4082,B_confident,8.50125,1,0.9781,0.97809076,CHURN,Critical
4086,B_confident,8.50125,1,0.0616,0.04447152,RETAIN,Low
4087,A_ambiguous,1.0,1,0.5182,0.41935483,CHURN,Medium
4088,B_confident,8.50125,1,0.9845,0.97809076,CHURN,Critical
4090,A_ambiguous,1.0,0,0.4157,0.24200913,RETAIN,Medium
4096,B_confident,8.50125,0,0.0256,0.04447152,RETAIN,Low
4099,B_confident,8.50125,0,0.0774,0.04447152,RETAIN,Low
4101,B_confident,8.50125,1,0.9959,0.9887133,CHURN,Critical
4105,B_confident,8.50125,0,0.082,0.04447152,RETAIN,Low
4111,B_confident,8.50125,0,0.0867,0.04447152,RETAIN,Low
4120,A_ambiguous,1.0,0,0.4106,0.24200913,RETAIN,Medium
4123,A_ambiguous,1.0,1,0.6253,0.5294118,CHURN,High
4126,A_ambiguous,1.0,0,0.5117,0.41935483,CHURN,Medium
4131,B_confident,8.50125,1,0.9874,0.97809076,CHURN,Critical
4140,A_ambiguous,1.0,0,0.6905,0.5555556,CHURN,High
4159,A_ambiguous,1.0,0,0.4762,0.24200913,RETAIN,Medium
4160,A_ambiguous,1.0,1,0.81,0.7671233,CHURN,Critical
4166,A_ambiguous,1.0,0,0.435,0.24200913,RETAIN,Medium
4172,A_ambiguous,1.0,0,0.6568,0.5555556,CHURN,High
4183,A_ambiguous,1.0,0,0.8375,0.7777778,CHURN,Critical
4196,B_confident,8.50125,0,0.0385,0.04447152,RETAIN,Low
4204,B_confident,8.50125,1,0.1222,0.0625,RETAIN,Low
4213,B_confident,8.50125,0,0.0635,0.04447152,RETAIN,Low
4217,B_confident,8.50125,0,0.3411,0.20224719,RETAIN,Low
4222,A_ambiguous,1.0,1,0.4656,0.24200913,RETAIN,Medium
4226,B_confident,8.50125,0,0.0527,0.04447152,RETAIN,Low
4229,A_ambiguous,1.0,0,0.4183,0.24200913,RETAIN,Medium
4249,A_ambiguous,1.0,0,0.711,0.5555556,CHURN,High
4254,A_ambiguous,1.0,0,0.8412,0.7777778,CHURN,Critical
4257,B_confident,8.50125,0,0.0842,0.04447152,RETAIN,Low
4259,B_confident,8.50125,0,0.1072,0.050884955,RETAIN,Low
4260,A_ambiguous,1.0,1,0.8451,0.79966676,CHURN,Critical
4268,B_confident,8.50125,0,0.0858,0.04447152,RETAIN,Low
4271,B_confident,8.50125,1,0.9912,0.97809076,CHURN,Critical
4276,B_confident,8.50125,0,0.0689,0.04447152,RETAIN,Low
4285,B_confident,8.50125,0,0.075,0.04447152,RETAIN,Low
4288,B_confident,8.50125,0,0.0568,0.04447152,RETAIN,Low
4302,B_confident,8.50125,0,0.238,0.096,RETAIN,Low
4315,A_ambiguous,1.0,1,0.7682,0.6111111,CHURN,High
4318,A_ambiguous,1.0,1,0.4632,0.24200913,RETAIN,Medium
4325,B_confident,8.50125,1,0.9843,0.97809076,CHURN,Critical
4331,B_confident,8.50125,0,0.0891,0.04447152,RETAIN,Low
4336,B_confident,8.50125,1,0.3169,0.15151516,RETAIN,Low
4346,A_ambiguous,1.0,0,0.6737,0.5555556,CHURN,High
4350,A_ambiguous,1.0,1,0.7517,0.6111111,CHURN,High
4356,B_confident,8.50125,0,0.0847,0.04447152,RETAIN,Low
4362,A_ambiguous,1.0,0,0.5576,0.41935483,CHURN,Medium
4364,B_confident,8.50125,0,0.0449,0.04447152,RETAIN,Low
4371,B_confident,8.50125,0,0.1144,0.050884955,RETAIN,Low
4380,B_confident,8.50125,1,0.9572,0.943662,CHURN,Critical
4386,A_ambiguous,1.0,0,0.4064,0.24200913,RETAIN,Medium
4387,B_confident,8.50125,0,0.0778,0.04447152,RETAIN,Low
4390,B_confident,8.50125,0,0.1079,0.050884955,RETAIN,Low
4392,A_ambiguous,1.0,1,0.4744,0.24200913,RETAIN,Medium
4397,A_ambiguous,1.0,0,0.4994,0.3,RETAIN,Medium
4398,A_ambiguous,1.0,0,0.4566,0.24200913,RETAIN,Medium
4399,A_ambiguous,1.0,0,0.483,0.24200913,RETAIN,Medium
4409,B_confident,8.50125,0,0.0936,0.04447152,RETAIN,Low
4410,A_ambiguous,1.0,1,0.6835,0.5555556,CHURN,High
4413,B_confident,8.50125,1,0.9914,0.97809076,CHURN,Critical
4422,A_ambiguous,1.0,0,0.7718,0.6111111,CHURN,High
4429,B_confident,8.50125,0,0.0399,0.04447152,RETAIN,Low
4430,B_confident,8.50125,0,0.0404,0.04447152,RETAIN,Low
4434,A_ambiguous,1.0,1,0.8041,0.7671233,CHURN,Critical
4436,B_confident,8.50125,0,0.0785,0.04447152,RETAIN,Low
4442,A_ambiguous,1.0,0,0.5367,0.41935483,CHURN,Medium
4445,B_confident,8.50125,1,0.1386,0.0625,RETAIN,Low
4448,A_ambiguous,1.0,0,0.6694,0.5555556,CHURN,High
4449,B_confident,8.50125,0,0.0393,0.04447152,RETAIN,Low
4450,A_ambiguous,1.0,0,0.4095,0.24200913,RETAIN,Medium
4452,B_confident,8.50125,0,0.1421,0.0625,RETAIN,Low
4457,A_ambiguous,1.0,1,0.8192,0.7671233,CHURN,Critical
4458,B_confident,8.50125,0,0.0686,0.04447152,RETAIN,Low
4464,B_confident,8.50125,0,0.1352,0.0625,RETAIN,Low
4465,A_ambiguous,1.0,1,0.8412,0.7777778,CHURN,Critical
4481,A_ambiguous,1.0,1,0.5418,0.41935483,CHURN,Medium
4483,A_ambiguous,1.0,0,0.687,0.5555556,CHURN,High
4484,A_ambiguous,1.0,1,0.5332,0.41935483,CHURN,Medium
4489,B_confident,8.50125,0,0.0522,0.04447152,RETAIN,Low
4491,B_confident,8.50125,0,0.1768,0.0625,RETAIN,Low
4505,A_ambiguous,1.0,0,0.4393,0.24200913,RETAIN,Medium
4510,A_ambiguous,1.0,0,0.5089,0.41935483,CHURN,Medium
4515,A_ambiguous,1.0,1,0.5377,0.41935483,CHURN,Medium
4517,A_ambiguous,1.0,1,0.6773,0.5555556,CHURN,High
4521,A_ambiguous,1.0,1,0.7765,0.6666667,CHURN,High
4523,B_confident,8.50125,0,0.0442,0.04447152,RETAIN,Low
4525,B_confident,8.50125,0,0.1354,0.0625,RETAIN,Low
4536,B_confident,8.50125,1,0.0344,0.04447152,RETAIN,Low
4537,B_confident,8.50125,1,0.9877,0.97809076,CHURN,Critical
4544,B_confident,8.50125,0,0.0217,0.04447152,RETAIN,Low
4545,B_confident,8.50125,0,0.0479,0.04447152,RETAIN,Low
4549,A_ambiguous,1.0,1,0.6501,0.5555556,CHURN,High
4556,A_ambiguous,1.0,1,0.6151,0.5294118,CHURN,High
4559,A_ambiguous,1.0,0,0.4516,0.24200913,RETAIN,Medium
4562,B_confident,8.50125,0,0.0712,0.04447152,RETAIN,Low
4587,B_confident,8.50125,0,0.3726,0.24200913,RETAIN,Low
4592,A_ambiguous,1.0,1,0.5749,0.5,CHURN,Medium
4604,B_confident,8.50125,1,0.997,0.9887133,CHURN,Critical
4605,B_confident,8.50125,0,0.1055,0.050884955,RETAIN,Low
4610,A_ambiguous,1.0,0,0.6004,0.5294118,CHURN,High
4621,A_ambiguous,1.0,0,0.7978,0.7671233,CHURN,High
4622,A_ambiguous,1.0,0,0.4691,0.24200913,RETAIN,Medium
4631,B_confident,8.50125,1,0.9888,0.97809076,CHURN,Critical
4632,A_ambiguous,1.0,1,0.5949,0.5294118,CHURN,Medium
4633,B_confident,8.50125,1,0.2666,0.096,RETAIN,Low
4639,A_ambiguous,1.0,1,0.8048,0.7671233,CHURN,Critical
4641,A_ambiguous,1.0,0,0.4019,0.24200913,RETAIN,Medium
4644,B_confident,8.50125,0,0.1288,0.0625,RETAIN,Low
4645,A_ambiguous,1.0,1,0.7634,0.6111111,CHURN,High
4648,A_ambiguous,1.0,1,0.6154,0.5294118,CHURN,High
4654,A_ambiguous,1.0,0,0.6348,0.5294118,CHURN,High
4657,B_confident,8.50125,0,0.0984,0.04447152,RETAIN,Low
4673,A_ambiguous,1.0,1,0.708,0.5555556,CHURN,High
4681,A_ambiguous,1.0,0,0.4526,0.24200913,RETAIN,Medium
4682,A_ambiguous,1.0,1,0.5067,0.41935483,CHURN,Medium
4684,B_confident,8.50125,0,0.1756,0.0625,RETAIN,Low
4691,B_confident,8.50125,1,0.9947,0.9887133,CHURN,Critical
4703,A_ambiguous,1.0,0,0.6738,0.5555556,CHURN,High
4707,B_confident,8.50125,0,0.1117,0.050884955,RETAIN,Low
4708,B_confident,8.50125,1,0.9918,0.97809076,CHURN,Critical
4709,B_confident,8.50125,0,0.0944,0.04447152,RETAIN,Low
4711,B_confident,8.50125,0,0.0423,0.04447152,RETAIN,Low
4720,A_ambiguous,1.0,1,0.8261,0.7777778,CHURN,Critical
4721,B_confident,8.50125,1,0.9955,0.9887133,CHURN,Critical
4738,A_ambiguous,1.0,0,0.5421,0.41935483,CHURN,Medium
4739,A_ambiguous,1.0,1,0.4523,0.24200913,RETAIN,Medium
4741,A_ambiguous,1.0,1,0.451,0.24200913,RETAIN,Medium
4742,B_confident,8.50125,0,0.0838,0.04447152,RETAIN,Low
4746,B_confident,8.50125,1,0.9857,0.97809076,CHURN,Critical
4749,B_confident,8.50125,0,0.1082,0.050884955,RETAIN,Low
4751,A_ambiguous,1.0,0,0.7343,0.6111111,CHURN,High
4757,A_ambiguous,1.0,1,0.49,0.24200913,RETAIN,Medium
4769,A_ambiguous,1.0,1,0.4931,0.3,RETAIN,Medium
4770,A_ambiguous,1.0,1,0.7341,0.6111111,CHURN,High
4778,B_confident,8.50125,1,0.9218,0.91735536,CHURN,Critical
4785,B_confident,8.50125,0,0.3088,0.096,RETAIN,Low
4787,A_ambiguous,1.0,1,0.82,0.7671233,CHURN,Critical
4788,A_ambiguous,1.0,0,0.4397,0.24200913,RETAIN,Medium
4789,A_ambiguous,1.0,0,0.4547,0.24200913,RETAIN,Medium
4790,B_confident,8.50125,0,0.034,0.04447152,RETAIN,Low
4792,A_ambiguous,1.0,1,0.6942,0.5555556,CHURN,High
4794,B_confident,8.50125,0,0.0662,0.04447152,RETAIN,Low
4796,B_confident,8.50125,0,0.0466,0.04447152,RETAIN,Low
4804,A_ambiguous,1.0,0,0.4627,0.24200913,RETAIN,Medium
4808,B_confident,8.50125,0,0.2721,0.096,RETAIN,Low
4810,B_confident,8.50125,0,0.0444,0.04447152,RETAIN,Low
4811,A_ambiguous,1.0,1,0.7909,0.7671233,CHURN,High
4814,B_confident,8.50125,1,0.9721,0.9673913,CHURN,Critical
4816,B_confident,8.50125,1,0.9878,0.97809076,CHURN,Critical
4824,A_ambiguous,1.0,0,0.4013,0.24200913,RETAIN,Medium
4838,B_confident,8.50125,1,0.8537,0.8333333,CHURN,Critical
4839,A_ambiguous,1.0,1,0.5862,0.5294118,CHURN,Medium
4840,A_ambiguous,1.0,1,0.7847,0.7671233,CHURN,High
4846,B_confident,8.50125,0,0.2775,0.096,RETAIN,Low
4847,A_ambiguous,1.0,1,0.435,0.24200913,RETAIN,Medium
4849,A_ambiguous,1.0,1,0.5361,0.41935483,CHURN,Medium
4850,A_ambiguous,1.0,0,0.4837,0.24200913,RETAIN,Medium
4855,B_confident,8.50125,0,0.0439,0.04447152,RETAIN,Low
4860,B_confident,8.50125,1,0.8875,0.8513514,CHURN,Critical
4861,B_confident,8.50125,0,0.052,0.04447152,RETAIN,Low
4863,B_confident,8.50125,0,0.1296,0.0625,RETAIN,Low
4876,B_confident,8.50125,0,0.0622,0.04447152,RETAIN,Low
4885,B_confident,8.50125,0,0.0198,0.04447152,RETAIN,Low
4888,B_confident,8.50125,1,0.9925,0.97809076,CHURN,Critical
4889,B_confident,8.50125,0,0.0271,0.04447152,RETAIN,Low
4895,B_confident,8.50125,1,0.1676,0.0625,RETAIN,Low
4896,A_ambiguous,1.0,1,0.7217,0.5555556,CHURN,High
4898,A_ambiguous,1.0,0,0.5934,0.5294118,CHURN,Medium
4901,A_ambiguous,1.0,1,0.7842,0.7671233,CHURN,High
4905,B_confident,8.50125,1,0.9834,0.97809076,CHURN,Critical
4906,B_confident,8.50125,1,0.9935,0.97809076,CHURN,Critical
4920,A_ambiguous,1.0,1,0.4231,0.24200913,RETAIN,Medium
4922,B_confident,8.50125,0,0.0567,0.04447152,RETAIN,Low
4933,B_confident,8.50125,0,0.0309,0.04447152,RETAIN,Low
4934,A_ambiguous,1.0,0,0.7179,0.5555556,CHURN,High
4936,A_ambiguous,1.0,0,0.4101,0.24200913,RETAIN,Medium
4941,B_confident,8.50125,1,0.1698,0.0625,RETAIN,Low
4947,A_ambiguous,1.0,1,0.4839,0.24200913,RETAIN,Medium
4962,B_confident,8.50125,0,0.0206,0.04447152,RETAIN,Low
4966,A_ambiguous,1.0,0,0.7618,0.6111111,CHURN,High
4971,B_confident,8.50125,0,0.0651,0.04447152,RETAIN,Low
4973,A_ambiguous,1.0,1,0.8139,0.7671233,CHURN,Critical
4976,B_confident,8.50125,0,0.0769,0.04447152,RETAIN,Low
4986,B_confident,8.50125,0,0.1791,0.07594936,RETAIN,Low
4988,B_confident,8.50125,0,0.0819,0.04447152,RETAIN,Low
4996,A_ambiguous,1.0,0,0.617,0.5294118,CHURN,High
5004,B_confident,8.50125,0,0.1107,0.050884955,RETAIN,Low
5009,B_confident,8.50125,0,0.3987,0.24200913,RETAIN,Low
5010,A_ambiguous,1.0,0,0.6113,0.5294118,CHURN,High
5012,A_ambiguous,1.0,0,0.6385,0.5294118,CHURN,High
5028,A_ambiguous,1.0,0,0.8123,0.7671233,CHURN,Critical
5029,A_ambiguous,1.0,0,0.5908,0.5294118,CHURN,Medium
5037,B_confident,8.50125,1,0.9987,0.9887133,CHURN,Critical
5040,A_ambiguous,1.0,0,0.6469,0.5555556,CHURN,High
5045,A_ambiguous,1.0,1,0.7973,0.7671233,CHURN,High
5053,A_ambiguous,1.0,0,0.5994,0.5294118,CHURN,Medium
5062,B_confident,8.50125,1,0.9396,0.91735536,CHURN,Critical
5073,A_ambiguous,1.0,1,0.4529,0.24200913,RETAIN,Medium
5076,B_confident,8.50125,0,0.0237,0.04447152,RETAIN,Low
5077,A_ambiguous,1.0,1,0.7549,0.6111111,CHURN,High
5084,A_ambiguous,1.0,1,0.596,0.5294118,CHURN,Medium
5086,A_ambiguous,1.0,1,0.8419,0.7777778,CHURN,Critical
5091,B_confident,8.50125,1,0.9923,0.97809076,CHURN,Critical
5101,B_confident,8.50125,0,0.1334,0.0625,RETAIN,Low
5102,B_confident,8.50125,1,0.9448,0.91735536,CHURN,Critical
5105,B_confident,8.50125,0,0.9156,0.8913044,CHURN,Critical
5110,B_confident,8.50125,1,0.958,0.943662,CHURN,Critical
5113,A_ambiguous,1.0,1,0.7368,0.6111111,CHURN,High
5122,A_ambiguous,1.0,0,0.5647,0.41935483,CHURN,Medium
5123,B_confident,8.50125,0,0.0413,0.04447152,RETAIN,Low
5135,B_confident,8.50125,0,0.0421,0.04447152,RETAIN,Low
5143,A_ambiguous,1.0,0,0.4068,0.24200913,RETAIN,Medium
5148,A_ambiguous,1.0,1,0.6343,0.5294118,CHURN,High
5149,B_confident,8.50125,1,0.9628,0.96428573,CHURN,Critical
5150,A_ambiguous,1.0,0,0.8277,0.7777778,CHURN,Critical
5153,A_ambiguous,1.0,1,0.4771,0.24200913,RETAIN,Medium
5156,B_confident,8.50125,0,0.0556,0.04447152,RETAIN,Low
5158,B_confident,8.50125,0,0.0536,0.04447152,RETAIN,Low
5159,B_confident,8.50125,1,0.9956,0.9887133,CHURN,Critical
5161,A_ambiguous,1.0,1,0.5402,0.41935483,CHURN,Medium
5162,B_confident,8.50125,0,0.076,0.04447152,RETAIN,Low
5164,A_ambiguous,1.0,1,0.759,0.6111111,CHURN,High
5165,A_ambiguous,1.0,0,0.6063,0.5294118,CHURN,High
5168,B_confident,8.50125,0,0.0662,0.04447152,RETAIN,Low
5170,A_ambiguous,1.0,1,0.7087,0.5555556,CHURN,High
5172,A_ambiguous,1.0,1,0.7692,0.6111111,CHURN,High
5173,B_confident,8.50125,0,0.1575,0.0625,RETAIN,Low
5174,A_ambiguous,1.0,0,0.7578,0.6111111,CHURN,High
5179,B_confident,8.50125,0,0.166,0.0625,RETAIN,Low
5182,B_confident,8.50125,0,0.0188,0.04447152,RETAIN,Low
5183,B_confident,8.50125,0,0.0412,0.04447152,RETAIN,Low
5193,B_confident,8.50125,0,0.0245,0.04447152,RETAIN,Low
5195,A_ambiguous,1.0,0,0.6295,0.5294118,CHURN,High
5196,B_confident,8.50125,1,0.9875,0.97809076,CHURN,Critical
5199,B_confident,8.50125,0,0.1177,0.050884955,RETAIN,Low
5201,B_confident,8.50125,0,0.0305,0.04447152,RETAIN,Low
5209,B_confident,8.50125,1,0.999,0.9887133,CHURN,Critical
5210,B_confident,8.50125,0,0.088,0.04447152,RETAIN,Low
5211,A_ambiguous,1.0,0,0.4687,0.24200913,RETAIN,Medium
5212,A_ambiguous,1.0,1,0.6735,0.5555556,CHURN,High
5213,B_confident,8.50125,1,0.9986,0.9887133,CHURN,Critical
5221,B_confident,8.50125,0,0.0574,0.04447152,RETAIN,Low
5225,B_confident,8.50125,0,0.0186,0.04447152,RETAIN,Low
5230,B_confident,8.50125,0,0.1122,0.050884955,RETAIN,Low
5242,A_ambiguous,1.0,0,0.654,0.5555556,CHURN,High
5246,A_ambiguous,1.0,1,0.4043,0.24200913,RETAIN,Medium
5249,A_ambiguous,1.0,1,0.6273,0.5294118,CHURN,High
5255,B_confident,8.50125,0,0.0431,0.04447152,RETAIN,Low
5260,B_confident,8.50125,0,0.1619,0.0625,RETAIN,Low
5261,B_confident,8.50125,1,0.9925,0.97809076,CHURN,Critical
5269,A_ambiguous,1.0,1,0.6703,0.5555556,CHURN,High
5273,B_confident,8.50125,0,0.0672,0.04447152,RETAIN,Low
5274,A_ambiguous,1.0,0,0.4651,0.24200913,RETAIN,Medium
5278,B_confident,8.50125,0,0.1111,0.050884955,RETAIN,Low
5280,A_ambiguous,1.0,1,0.8005,0.7671233,CHURN,Critical
5294,A_ambiguous,1.0,0,0.6346,0.5294118,CHURN,High
5295,B_confident,8.50125,1,0.9176,0.8913044,CHURN,Critical
5296,B_confident,8.50125,0,0.0971,0.04447152,RETAIN,Low
5304,A_ambiguous,1.0,0,0.6123,0.5294118,CHURN,High
5306,B_confident,8.50125,0,0.0271,0.04447152,RETAIN,Low
5320,A_ambiguous,1.0,0,0.733,0.6111111,CHURN,High
5329,B_confident,8.50125,1,0.9161,0.8913044,CHURN,Critical
5331,B_confident,8.50125,0,0.2617,0.096,RETAIN,Low
5332,A_ambiguous,1.0,0,0.581,0.5294118,CHURN,Medium
5333,A_ambiguous,1.0,0,0.5456,0.41935483,CHURN,Medium
5337,B_confident,8.50125,1,0.9857,0.97809076,CHURN,Critical
5346,A_ambiguous,1.0,1,0.4016,0.24200913,RETAIN,Medium
5351,B_confident,8.50125,0,0.0443,0.04447152,RETAIN,Low
5355,A_ambiguous,1.0,1,0.6279,0.5294118,CHURN,High
5357,B_confident,8.50125,0,0.0363,0.04447152,RETAIN,Low
5366,A_ambiguous,1.0,1,0.7969,0.7671233,CHURN,High
5399,A_ambiguous,1.0,0,0.4466,0.24200913,RETAIN,Medium
5408,B_confident,8.50125,0,0.1131,0.050884955,RETAIN,Low
5409,A_ambiguous,1.0,0,0.7522,0.6111111,CHURN,High
5410,A_ambiguous,1.0,1,0.7099,0.5555556,CHURN,High
5419,A_ambiguous,1.0,1,0.7632,0.6111111,CHURN,High
5423,A_ambiguous,1.0,0,0.5628,0.41935483,CHURN,Medium
5427,B_confident,8.50125,0,0.0149,0.04447152,RETAIN,Low
5438,B_confident,8.50125,0,0.0819,0.04447152,RETAIN,Low
5442,B_confident,8.50125,0,0.0542,0.04447152,RETAIN,Low
5444,A_ambiguous,1.0,1,0.7609,0.6111111,CHURN,High
5449,A_ambiguous,1.0,1,0.8229,0.7777778,CHURN,Critical
5454,B_confident,8.50125,0,0.0736,0.04447152,RETAIN,Low
5455,B_confident,8.50125,1,0.9905,0.97809076,CHURN,Critical
5459,A_ambiguous,1.0,1,0.7214,0.5555556,CHURN,High
5460,B_confident,8.50125,1,0.9963,0.9887133,CHURN,Critical
5462,A_ambiguous,1.0,1,0.6709,0.5555556,CHURN,High
5464,B_confident,8.50125,1,0.9841,0.97809076,CHURN,Critical
5465,B_confident,8.50125,0,0.0499,0.04447152,RETAIN,Low
5467,B_confident,8.50125,0,0.3068,0.096,RETAIN,Low
5472,B_confident,8.50125,0,0.117,0.050884955,RETAIN,Low
5480,B_confident,8.50125,0,0.0908,0.04447152,RETAIN,Low
5484,B_confident,8.50125,0,0.0844,0.04447152,RETAIN,Low
5485,A_ambiguous,1.0,0,0.6675,0.5555556,CHURN,High
5494,A_ambiguous,1.0,0,0.5325,0.41935483,CHURN,Medium
5501,B_confident,8.50125,0,0.3356,0.20224719,RETAIN,Low
5505,B_confident,8.50125,0,0.0211,0.04447152,RETAIN,Low
5506,B_confident,8.50125,0,0.084,0.04447152,RETAIN,Low
5515,A_ambiguous,1.0,1,0.7031,0.5555556,CHURN,High
5517,A_ambiguous,1.0,0,0.4207,0.24200913,RETAIN,Medium
5519,B_confident,8.50125,1,0.9891,0.97809076,CHURN,Critical
5520,A_ambiguous,1.0,0,0.4512,0.24200913,RETAIN,Medium
5522,A_ambiguous,1.0,0,0.6511,0.5555556,CHURN,High
5523,A_ambiguous,1.0,1,0.512,0.41935483,CHURN,Medium
5531,A_ambiguous,1.0,0,0.5764,0.5,CHURN,Medium
5536,B_confident,8.50125,0,0.0915,0.04447152,RETAIN,Low
5537,A_ambiguous,1.0,1,0.8034,0.7671233,CHURN,Critical
5549,B_confident,8.50125,0,0.0558,0.04447152,RETAIN,Low
5552,B_confident,8.50125,1,0.9995,0.9887133,CHURN,Critical
5560,B_confident,8.50125,0,0.1342,0.0625,RETAIN,Low
5563,A_ambiguous,1.0,1,0.7584,0.6111111,CHURN,High
5570,B_confident,8.50125,0,0.3579,0.20224719,RETAIN,Low
5571,A_ambiguous,1.0,0,0.5719,0.5,CHURN,Medium
5576,B_confident,8.50125,1,0.9982,0.9887133,CHURN,Critical
5578,B_confident,8.50125,0,0.0512,0.04447152,RETAIN,Low
5582,B_confident,8.50125,1,0.9965,0.9887133,CHURN,Critical
5583,B_confident,8.50125,0,0.0753,0.04447152,RETAIN,Low
5584,B_confident,8.50125,0,0.1083,0.050884955,RETAIN,Low
5591,A_ambiguous,1.0,1,0.5663,0.41935483,CHURN,Medium
5592,A_ambiguous,1.0,1,0.7156,0.5555556,CHURN,High
5593,B_confident,8.50125,0,0.0569,0.04447152,RETAIN,Low
5598,B_confident,8.50125,0,0.0956,0.04447152,RETAIN,Low
5608,B_confident,8.50125,0,0.3013,0.096,RETAIN,Low
5609,B_confident,8.50125,0,0.2556,0.096,RETAIN,Low
5611,A_ambiguous,1.0,1,0.6469,0.5555556,CHURN,High
5613,A_ambiguous,1.0,0,0.6595,0.5555556,CHURN,High
5633,B_confident,8.50125,1,0.988,0.97809076,CHURN,Critical
5639,A_ambiguous,1.0,0,0.5167,0.41935483,CHURN,Medium
5643,A_ambiguous,1.0,0,0.4717,0.24200913,RETAIN,Medium
5648,A_ambiguous,1.0,1,0.5063,0.41935483,CHURN,Medium
5651,B_confident,8.50125,0,0.3877,0.24200913,RETAIN,Low
5655,B_confident,8.50125,0,0.0686,0.04447152,RETAIN,Low
5657,B_confident,8.50125,0,0.0736,0.04447152,RETAIN,Low
5660,A_ambiguous,1.0,1,0.7292,0.5555556,CHURN,High
5669,A_ambiguous,1.0,0,0.5262,0.41935483,CHURN,Medium
5672,B_confident,8.50125,0,0.147,0.0625,RETAIN,Low
5677,B_confident,8.50125,1,0.9928,0.97809076,CHURN,Critical
5684,A_ambiguous,1.0,0,0.434,0.24200913,RETAIN,Medium
5690,B_confident,8.50125,0,0.0905,0.04447152,RETAIN,Low
5693,B_confident,8.50125,0,0.0754,0.04447152,RETAIN,Low
5695,B_confident,8.50125,0,0.0932,0.04447152,RETAIN,Low
5696,A_ambiguous,1.0,1,0.5422,0.41935483,CHURN,Medium
5700,B_confident,8.50125,0,0.0572,0.04447152,RETAIN,Low
5703,B_confident,8.50125,0,0.0705,0.04447152,RETAIN,Low
5705,B_confident,8.50125,0,0.0758,0.04447152,RETAIN,Low
5718,A_ambiguous,1.0,0,0.5837,0.5294118,CHURN,Medium
5724,B_confident,8.50125,0,0.0635,0.04447152,RETAIN,Low
5725,B_confident,8.50125,0,0.1173,0.050884955,RETAIN,Low
5728,B_confident,8.50125,0,0.0766,0.04447152,RETAIN,Low
5732,A_ambiguous,1.0,1,0.788,0.7671233,CHURN,High
5733,B_confident,8.50125,1,0.9887,0.97809076,CHURN,Critical
5734,B_confident,8.50125,1,0.1684,0.0625,RETAIN,Low
5736,B_confident,8.50125,0,0.0343,0.04447152,RETAIN,Low
5745,B_confident,8.50125,1,0.9959,0.9887133,CHURN,Critical
5746,B_confident,8.50125,0,0.1348,0.0625,RETAIN,Low
5757,A_ambiguous,1.0,1,0.8419,0.7777778,CHURN,Critical
5759,B_confident,8.50125,0,0.149,0.0625,RETAIN,Low
5762,B_confident,8.50125,1,0.9952,0.9887133,CHURN,Critical
5765,B_confident,8.50125,0,0.1298,0.0625,RETAIN,Low
5771,A_ambiguous,1.0,1,0.6113,0.5294118,CHURN,High
5775,B_confident,8.50125,1,0.0759,0.04447152,RETAIN,Low
5776,B_confident,8.50125,0,0.0178,0.04447152,RETAIN,Low
5787,B_confident,8.50125,1,0.9888,0.97809076,CHURN,Critical
5794,A_ambiguous,1.0,0,0.6049,0.5294118,CHURN,High
5797,B_confident,8.50125,0,0.03,0.04447152,RETAIN,Low
5798,A_ambiguous,1.0,1,0.8318,0.7777778,CHURN,Critical
5805,B_confident,8.50125,0,0.0994,0.04447152,RETAIN,Low
5807,A_ambiguous,1.0,1,0.6355,0.5294118,CHURN,High
5813,A_ambiguous,1.0,1,0.441,0.24200913,RETAIN,Medium
5814,A_ambiguous,1.0,1,0.7421,0.6111111,CHURN,High
5815,A_ambiguous,1.0,0,0.6316,0.5294118,CHURN,High
5821,B_confident,8.50125,1,0.971,0.9673913,CHURN,Critical
5824,B_confident,8.50125,1,0.0626,0.04447152,RETAIN,Low
5832,B_confident,8.50125,0,0.0694,0.04447152,RETAIN,Low
5834,B_confident,8.50125,0,0.0975,0.04447152,RETAIN,Low
5840,A_ambiguous,1.0,0,0.7274,0.5555556,CHURN,High
5841,A_ambiguous,1.0,1,0.7306,0.5555556,CHURN,High
5849,B_confident,8.50125,1,0.9955,0.9887133,CHURN,Critical
5854,A_ambiguous,1.0,1,0.5132,0.41935483,CHURN,Medium
5855,B_confident,8.50125,0,0.1077,0.050884955,RETAIN,Low
5861,A_ambiguous,1.0,1,0.8392,0.7777778,CHURN,Critical
5866,A_ambiguous,1.0,1,0.7429,0.6111111,CHURN,High
5867,A_ambiguous,1.0,1,0.6186,0.5294118,CHURN,High
5869,A_ambiguous,1.0,1,0.4618,0.24200913,RETAIN,Medium
5880,B_confident,8.50125,0,0.1077,0.050884955,RETAIN,Low
5883,B_confident,8.50125,0,0.9187,0.8913044,CHURN,Critical
5884,B_confident,8.50125,0,0.0808,0.04447152,RETAIN,Low
5886,B_confident,8.50125,1,0.9975,0.9887133,CHURN,Critical
5888,B_confident,8.50125,0,0.0231,0.04447152,RETAIN,Low
5896,B_confident,8.50125,0,0.0538,0.04447152,RETAIN,Low
5903,B_confident,8.50125,1,0.9116,0.8913044,CHURN,Critical
5906,B_confident,8.50125,0,0.1178,0.050884955,RETAIN,Low
5911,A_ambiguous,1.0,1,0.6125,0.5294118,CHURN,High
5913,B_confident,8.50125,0,0.0669,0.04447152,RETAIN,Low
5918,B_confident,8.50125,0,0.094,0.04447152,RETAIN,Low
5919,B_confident,8.50125,0,0.1015,0.050884955,RETAIN,Low
5924,A_ambiguous,1.0,0,0.4538,0.24200913,RETAIN,Medium
5931,B_confident,8.50125,0,0.0218,0.04447152,RETAIN,Low
5933,A_ambiguous,1.0,0,0.4771,0.24200913,RETAIN,Medium
5935,B_confident,8.50125,0,0.3122,0.15151516,RETAIN,Low
5937,A_ambiguous,1.0,0,0.8069,0.7671233,CHURN,Critical
5942,B_confident,8.50125,0,0.0468,0.04447152,RETAIN,Low
5964,A_ambiguous,1.0,1,0.6729,0.5555556,CHURN,High
5965,A_ambiguous,1.0,0,0.579,0.5294118,CHURN,Medium
5967,A_ambiguous,1.0,1,0.515,0.41935483,CHURN,Medium
5987,A_ambiguous,1.0,1,0.6648,0.5555556,CHURN,High
5989,B_confident,8.50125,0,0.0651,0.04447152,RETAIN,Low
5993,A_ambiguous,1.0,0,0.5412,0.41935483,CHURN,Medium
5994,A_ambiguous,1.0,1,0.749,0.6111111,CHURN,High
5998,B_confident,8.50125,0,0.1101,0.050884955,RETAIN,Low
6003,B_confident,8.50125,0,0.3317,0.20224719,RETAIN,Low
6007,A_ambiguous,1.0,0,0.4266,0.24200913,RETAIN,Medium
6013,B_confident,8.50125,1,0.9822,0.97809076,CHURN,Critical
6019,B_confident,8.50125,0,0.0094,0.041666668,RETAIN,Low
6029,A_ambiguous,1.0,0,0.4659,0.24200913,RETAIN,Medium
6030,B_confident,8.50125,0,0.0681,0.04447152,RETAIN,Low
6035,B_confident,8.50125,0,0.0314,0.04447152,RETAIN,Low
6042,B_confident,8.50125,0,0.093,0.04447152,RETAIN,Low
6043,B_confident,8.50125,1,0.9965,0.9887133,CHURN,Critical
6049,A_ambiguous,1.0,0,0.4387,0.24200913,RETAIN,Medium
6051,B_confident,8.50125,0,0.1182,0.050884955,RETAIN,Low
6053,B_confident,8.50125,0,0.2604,0.096,RETAIN,Low
6054,B_confident,8.50125,0,0.0695,0.04447152,RETAIN,Low
6058,B_confident,8.50125,1,0.9718,0.9673913,CHURN,Critical
6075,A_ambiguous,1.0,0,0.4749,0.24200913,RETAIN,Medium
6095,B_confident,8.50125,1,0.9985,0.9887133,CHURN,Critical
6097,B_confident,8.50125,0,0.0261,0.04447152,RETAIN,Low
6105,A_ambiguous,1.0,1,0.6287,0.5294118,CHURN,High
6106,A_ambiguous,1.0,1,0.4856,0.24200913,RETAIN,Medium
6109,B_confident,8.50125,1,0.042,0.04447152,RETAIN,Low
6118,B_confident,8.50125,0,0.0768,0.04447152,RETAIN,Low
6120,A_ambiguous,1.0,0,0.7021,0.5555556,CHURN,High
6129,A_ambiguous,1.0,1,0.4082,0.24200913,RETAIN,Medium
6135,A_ambiguous,1.0,1,0.5821,0.5294118,CHURN,Medium
6136,B_confident,8.50125,0,0.1776,0.07594936,RETAIN,Low
6153,A_ambiguous,1.0,1,0.6042,0.5294118,CHURN,High
6156,A_ambiguous,1.0,0,0.4179,0.24200913,RETAIN,Medium
6159,B_confident,8.50125,0,0.1414,0.0625,RETAIN,Low
6165,A_ambiguous,1.0,0,0.4527,0.24200913,RETAIN,Medium
6167,B_confident,8.50125,1,0.9974,0.9887133,CHURN,Critical
6172,B_confident,8.50125,0,0.0566,0.04447152,RETAIN,Low
6177,B_confident,8.50125,1,0.1723,0.0625,RETAIN,Low
6178,A_ambiguous,1.0,1,0.5281,0.41935483,CHURN,Medium
6189,A_ambiguous,1.0,0,0.8098,0.7671233,CHURN,Critical
6192,B_confident,8.50125,0,0.1442,0.0625,RETAIN,Low
6193,B_confident,8.50125,1,0.0587,0.04447152,RETAIN,Low
6198,A_ambiguous,1.0,0,0.8241,0.7777778,CHURN,Critical
6212,B_confident,8.50125,0,0.0829,0.04447152,RETAIN,Low
6218,A_ambiguous,1.0,1,0.8386,0.7777778,CHURN,Critical
6221,A_ambiguous,1.0,0,0.8241,0.7777778,CHURN,Critical
6224,B_confident,8.50125,1,0.9254,0.91735536,CHURN,Critical
6229,B_confident,8.50125,0,0.1763,0.0625,RETAIN,Low
6238,B_confident,8.50125,0,0.0766,0.04447152,RETAIN,Low
6241,B_confident,8.50125,1,0.8983,0.8513514,CHURN,Critical
6244,A_ambiguous,1.0,1,0.4722,0.24200913,RETAIN,Medium
6251,A_ambiguous,1.0,1,0.6228,0.5294118,CHURN,High
6257,B_confident,8.50125,0,0.0852,0.04447152,RETAIN,Low
6258,B_confident,8.50125,0,0.0425,0.04447152,RETAIN,Low
6260,B_confident,8.50125,0,0.0641,0.04447152,RETAIN,Low
6262,B_confident,8.50125,1,0.9974,0.9887133,CHURN,Critical
6267,B_confident,8.50125,0,0.1111,0.050884955,RETAIN,Low
6274,A_ambiguous,1.0,1,0.7419,0.6111111,CHURN,High
6275,B_confident,8.50125,0,0.1099,0.050884955,RETAIN,Low
6279,A_ambiguous,1.0,1,0.8376,0.7777778,CHURN,Critical
6283,B_confident,8.50125,1,0.9472,0.91735536,CHURN,Critical
6287,A_ambiguous,1.0,1,0.6272,0.5294118,CHURN,High
6299,B_confident,8.50125,0,0.0669,0.04447152,RETAIN,Low
6305,A_ambiguous,1.0,0,0.6268,0.5294118,CHURN,High
6310,B_confident,8.50125,0,0.0533,0.04447152,RETAIN,Low
6313,A_ambiguous,1.0,0,0.4187,0.24200913,RETAIN,Medium
6314,B_confident,8.50125,0,0.1509,0.0625,RETAIN,Low
6319,B_confident,8.50125,1,0.0558,0.04447152,RETAIN,Low
6329,B_confident,8.50125,0,0.1002,0.05,RETAIN,Low
6332,B_confident,8.50125,1,0.9642,0.96428573,CHURN,Critical
6335,A_ambiguous,1.0,0,0.6496,0.5555556,CHURN,High
6337,B_confident,8.50125,0,0.0898,0.04447152,RETAIN,Low
6339,B_confident,8.50125,0,0.0758,0.04447152,RETAIN,Low
6340,A_ambiguous,1.0,1,0.4462,0.24200913,RETAIN,Medium
6342,A_ambiguous,1.0,0,0.7338,0.6111111,CHURN,High
6345,A_ambiguous,1.0,0,0.4433,0.24200913,RETAIN,Medium
6350,B_confident,8.50125,0,0.0729,0.04447152,RETAIN,Low
6351,A_ambiguous,1.0,1,0.7983,0.7671233,CHURN,High
6352,B_confident,8.50125,1,0.9948,0.9887133,CHURN,Critical
6366,B_confident,8.50125,0,0.0181,0.04447152,RETAIN,Low
6370,A_ambiguous,1.0,1,0.6699,0.5555556,CHURN,High
6371,A_ambiguous,1.0,1,0.5081,0.41935483,CHURN,Medium
6375,B_confident,8.50125,0,0.2655,0.096,RETAIN,Low
6386,A_ambiguous,1.0,0,0.4891,0.24200913,RETAIN,Medium
6397,A_ambiguous,1.0,1,0.4853,0.24200913,RETAIN,Medium
6423,B_confident,8.50125,0,0.0453,0.04447152,RETAIN,Low
6427,A_ambiguous,1.0,1,0.8275,0.7777778,CHURN,Critical
6428,A_ambiguous,1.0,1,0.5151,0.41935483,CHURN,Medium
6433,B_confident,8.50125,0,0.2518,0.096,RETAIN,Low
6438,B_confident,8.50125,0,0.1338,0.0625,RETAIN,Low
6441,A_ambiguous,1.0,0,0.7605,0.6111111,CHURN,High
6446,A_ambiguous,1.0,1,0.6696,0.5555556,CHURN,High
6453,B_confident,8.50125,0,0.1188,0.050884955,RETAIN,Low
6456,B_confident,8.50125,0,0.0657,0.04447152,RETAIN,Low
6460,B_confident,8.50125,0,0.9574,0.943662,CHURN,Critical
6462,B_confident,8.50125,0,0.1482,0.0625,RETAIN,Low
6467,A_ambiguous,1.0,0,0.5324,0.41935483,CHURN,Medium
6470,A_ambiguous,1.0,0,0.6938,0.5555556,CHURN,High
6477,A_ambiguous,1.0,1,0.6391,0.5294118,CHURN,High
6481,A_ambiguous,1.0,0,0.5854,0.5294118,CHURN,Medium
6487,B_confident,8.50125,0,0.0982,0.04447152,RETAIN,Low
6493,B_confident,8.50125,0,0.0681,0.04447152,RETAIN,Low
6494,B_confident,8.50125,0,0.1208,0.0625,RETAIN,Low
6508,B_confident,8.50125,0,0.0963,0.04447152,RETAIN,Low
6516,B_confident,8.50125,0,0.1099,0.050884955,RETAIN,Low
6524,A_ambiguous,1.0,1,0.4639,0.24200913,RETAIN,Medium
6531,A_ambiguous,1.0,1,0.7268,0.5555556,CHURN,High
6533,A_ambiguous,1.0,1,0.8346,0.7777778,CHURN,Critical
6543,A_ambiguous,1.0,1,0.8059,0.7671233,CHURN,Critical
6549,B_confident,8.50125,0,0.3378,0.20224719,RETAIN,Low
6550,A_ambiguous,1.0,0,0.6544,0.5555556,CHURN,High
6552,A_ambiguous,1.0,1,0.4839,0.24200913,RETAIN,Medium
6558,A_ambiguous,1.0,1,0.8021,0.7671233,CHURN,Critical
6561,B_confident,8.50125,0,0.0647,0.04447152,RETAIN,Low
6566,A_ambiguous,1.0,1,0.587,0.5294118,CHURN,Medium
6572,B_confident,8.50125,1,0.9949,0.9887133,CHURN,Critical
6574,B_confident,8.50125,1,0.0685,0.04447152,RETAIN,Low
6581,A_ambiguous,1.0,0,0.7235,0.5555556,CHURN,High
6582,B_confident,8.50125,0,0.0978,0.04447152,RETAIN,Low
6583,B_confident,8.50125,0,0.0698,0.04447152,RETAIN,Low
6588,B_confident,8.50125,0,0.0597,0.04447152,RETAIN,Low
6592,B_confident,8.50125,0,0.0379,0.04447152,RETAIN,Low
6594,B_confident,8.50125,0,0.0362,0.04447152,RETAIN,Low
6596,B_confident,8.50125,1,0.981,0.97809076,CHURN,Critical
6598,A_ambiguous,1.0,0,0.5917,0.5294118,CHURN,Medium
6601,A_ambiguous,1.0,1,0.5049,0.41935483,CHURN,Medium
6607,A_ambiguous,1.0,0,0.5097,0.41935483,CHURN,Medium
6622,A_ambiguous,1.0,1,0.5495,0.41935483,CHURN,Medium
6632,A_ambiguous,1.0,0,0.566,0.41935483,CHURN,Medium
6634,B_confident,8.50125,0,0.0951,0.04447152,RETAIN,Low
6644,B_confident,8.50125,0,0.1352,0.0625,RETAIN,Low
6648,A_ambiguous,1.0,0,0.5735,0.5,CHURN,Medium
6654,A_ambiguous,1.0,0,0.7265,0.5555556,CHURN,High
6655,A_ambiguous,1.0,1,0.6343,0.5294118,CHURN,High
6658,A_ambiguous,1.0,1,0.5281,0.41935483,CHURN,Medium
6659,A_ambiguous,1.0,0,0.4123,0.24200913,RETAIN,Medium
6660,A_ambiguous,1.0,1,0.665,0.5555556,CHURN,High
6662,B_confident,8.50125,0,0.3221,0.15151516,RETAIN,Low
6668,A_ambiguous,1.0,0,0.5374,0.41935483,CHURN,Medium
6675,B_confident,8.50125,0,0.0704,0.04447152,RETAIN,Low
6676,B_confident,8.50125,1,0.9845,0.97809076,CHURN,Critical
6677,A_ambiguous,1.0,0,0.5055,0.41935483,CHURN,Medium
6680,A_ambiguous,1.0,0,0.5017,0.41935483,CHURN,Medium
6682,A_ambiguous,1.0,1,0.6837,0.5555556,CHURN,High
6686,B_confident,8.50125,0,0.0796,0.04447152,RETAIN,Low
6691,B_confident,8.50125,0,0.1247,0.0625,RETAIN,Low
6695,B_confident,8.50125,0,0.2479,0.096,RETAIN,Low
6699,B_confident,8.50125,0,0.0467,0.04447152,RETAIN,Low
6707,B_confident,8.50125,0,0.2727,0.096,RETAIN,Low
6711,B_confident,8.50125,0,0.2201,0.0952381,RETAIN,Low
6712,A_ambiguous,1.0,0,0.5868,0.5294118,CHURN,Medium
6713,A_ambiguous,1.0,0,0.4244,0.24200913,RETAIN,Medium
6715,A_ambiguous,1.0,1,0.7865,0.7671233,CHURN,High
6730,A_ambiguous,1.0,1,0.8185,0.7671233,CHURN,Critical
6733,B_confident,8.50125,0,0.0313,0.04447152,RETAIN,Low
6734,A_ambiguous,1.0,0,0.5743,0.5,CHURN,Medium
6744,B_confident,8.50125,0,0.3373,0.20224719,RETAIN,Low
6755,B_confident,8.50125,0,0.0364,0.04447152,RETAIN,Low
6760,A_ambiguous,1.0,1,0.6397,0.5294118,CHURN,High
6762,B_confident,8.50125,0,0.0807,0.04447152,RETAIN,Low
6764,B_confident,8.50125,0,0.0689,0.04447152,RETAIN,Low
6765,A_ambiguous,1.0,0,0.576,0.5,CHURN,Medium
6767,B_confident,8.50125,1,0.9818,0.97809076,CHURN,Critical
6770,B_confident,8.50125,0,0.1356,0.0625,RETAIN,Low
6772,A_ambiguous,1.0,0,0.7966,0.7671233,CHURN,High
6773,A_ambiguous,1.0,0,0.509,0.41935483,CHURN,Medium
6776,B_confident,8.50125,0,0.28,0.096,RETAIN,Low
6777,B_confident,8.50125,1,0.9973,0.9887133,CHURN,Critical
6782,B_confident,8.50125,0,0.112,0.050884955,RETAIN,Low
6793,A_ambiguous,1.0,1,0.4407,0.24200913,RETAIN,Medium
6799,B_confident,8.50125,0,0.1282,0.0625,RETAIN,Low
6803,B_confident,8.50125,1,0.9976,0.9887133,CHURN,Critical
6806,A_ambiguous,1.0,1,0.6135,0.5294118,CHURN,High
6810,A_ambiguous,1.0,1,0.6392,0.5294118,CHURN,High
6811,B_confident,8.50125,0,0.0488,0.04447152,RETAIN,Low
6815,B_confident,8.50125,0,0.1399,0.0625,RETAIN,Low
6823,B_confident,8.50125,0,0.0687,0.04447152,RETAIN,Low
6824,A_ambiguous,1.0,1,0.8348,0.7777778,CHURN,Critical
6828,B_confident,8.50125,0,0.1658,0.0625,RETAIN,Low
6833,B_confident,8.50125,0,0.0386,0.04447152,RETAIN,Low
6834,A_ambiguous,1.0,0,0.6244,0.5294118,CHURN,High
6842,A_ambiguous,1.0,1,0.7514,0.6111111,CHURN,High
6843,A_ambiguous,1.0,0,0.676,0.5555556,CHURN,High
6845,A_ambiguous,1.0,1,0.6695,0.5555556,CHURN,High
6846,A_ambiguous,1.0,0,0.5641,0.41935483,CHURN,Medium
6855,B_confident,8.50125,0,0.1059,0.050884955,RETAIN,Low
6858,A_ambiguous,1.0,0,0.4739,0.24200913,RETAIN,Medium
6865,B_confident,8.50125,0,0.0501,0.04447152,RETAIN,Low
6874,A_ambiguous,1.0,0,0.4187,0.24200913,RETAIN,Medium
6885,A_ambiguous,1.0,0,0.5394,0.41935483,CHURN,Medium
6902,B_confident,8.50125,0,0.3505,0.20224719,RETAIN,Low
6912,A_ambiguous,1.0,1,0.8336,0.7777778,CHURN,Critical
6915,A_ambiguous,1.0,0,0.4945,0.3,RETAIN,Medium
6926,A_ambiguous,1.0,0,0.6471,0.5555556,CHURN,High
6928,A_ambiguous,1.0,1,0.4085,0.24200913,RETAIN,Medium
6930,A_ambiguous,1.0,1,0.6909,0.5555556,CHURN,High
6941,B_confident,8.50125,0,0.1523,0.0625,RETAIN,Low
6952,A_ambiguous,1.0,0,0.5459,0.41935483,CHURN,Medium
6953,A_ambiguous,1.0,0,0.7303,0.5555556,CHURN,High
6955,B_confident,8.50125,0,0.044,0.04447152,RETAIN,Low
6964,A_ambiguous,1.0,0,0.4641,0.24200913,RETAIN,Medium
6972,A_ambiguous,1.0,0,0.6106,0.5294118,CHURN,High
6974,A_ambiguous,1.0,1,0.4984,0.3,RETAIN,Medium
6975,B_confident,8.50125,0,0.0253,0.04447152,RETAIN,Low
6988,B_confident,8.50125,0,0.938,0.91735536,CHURN,Critical
6990,B_confident,8.50125,0,0.1019,0.050884955,RETAIN,Low
6995,B_confident,8.50125,0,0.0265,0.04447152,RETAIN,Low
7004,B_confident,8.50125,1,0.1802,0.07594936,RETAIN,Low
7007,A_ambiguous,1.0,1,0.4692,0.24200913,RETAIN,Medium
7018,B_confident,8.50125,0,0.0286,0.04447152,RETAIN,Low
7026,B_confident,8.50125,1,0.9681,0.9673913,CHURN,Critical
7027,A_ambiguous,1.0,0,0.7165,0.5555556,CHURN,High
7043,A_ambiguous,1.0,0,0.5163,0.41935483,CHURN,Medium
7044,A_ambiguous,1.0,0,0.6648,0.5555556,CHURN,High
7050,A_ambiguous,1.0,0,0.6303,0.5294118,CHURN,High
7052,B_confident,8.50125,1,0.1008,0.05,RETAIN,Low
7056,A_ambiguous,1.0,0,0.7625,0.6111111,CHURN,High
7061,A_ambiguous,1.0,1,0.7971,0.7671233,CHURN,High
7063,A_ambiguous,1.0,1,0.822,0.7776034,CHURN,Critical
7068,B_confident,8.50125,0,0.2,0.0952381,RETAIN,Low
7070,A_ambiguous,1.0,1,0.679,0.5555556,CHURN,High
7071,B_confident,8.50125,0,0.0309,0.04447152,RETAIN,Low
7094,A_ambiguous,1.0,1,0.7613,0.6111111,CHURN,High
7095,B_confident,8.50125,0,0.2198,0.0952381,RETAIN,Low
7105,B_confident,8.50125,1,0.9986,0.9887133,CHURN,Critical
7116,B_confident,8.50125,0,0.1158,0.050884955,RETAIN,Low
7117,B_confident,8.50125,0,0.0451,0.04447152,RETAIN,Low
7123,A_ambiguous,1.0,1,0.7136,0.5555556,CHURN,High
7129,A_ambiguous,1.0,1,0.828,0.7777778,CHURN,Critical
7130,A_ambiguous,1.0,1,0.7334,0.6111111,CHURN,High
7137,A_ambiguous,1.0,0,0.5462,0.41935483,CHURN,Medium
7139,B_confident,8.50125,0,0.0537,0.04447152,RETAIN,Low
7159,B_confident,8.50125,0,0.099,0.04447152,RETAIN,Low
7160,B_confident,8.50125,0,0.1156,0.050884955,RETAIN,Low
7163,A_ambiguous,1.0,0,0.4369,0.24200913,RETAIN,Medium
7164,A_ambiguous,1.0,0,0.6907,0.5555556,CHURN,High
7166,B_confident,8.50125,0,0.1444,0.0625,RETAIN,Low
7174,B_confident,8.50125,1,0.9923,0.97809076,CHURN,Critical
7203,A_ambiguous,1.0,0,0.4325,0.24200913,RETAIN,Medium
7204,B_confident,8.50125,0,0.1057,0.050884955,RETAIN,Low
7209,B_confident,8.50125,0,0.9658,0.9673913,CHURN,Critical
7224,A_ambiguous,1.0,1,0.7168,0.5555556,CHURN,High
7235,B_confident,8.50125,0,0.2923,0.096,RETAIN,Low
7240,B_confident,8.50125,0,0.0587,0.04447152,RETAIN,Low
7241,B_confident,8.50125,1,0.9612,0.96428573,CHURN,Critical
7244,A_ambiguous,1.0,0,0.5084,0.41935483,CHURN,Medium
7248,B_confident,8.50125,0,0.0333,0.04447152,RETAIN,Low
7255,A_ambiguous,1.0,1,0.7909,0.7671233,CHURN,High
7259,B_confident,8.50125,0,0.0889,0.04447152,RETAIN,Low
7261,B_confident,8.50125,0,0.1769,0.0625,RETAIN,Low
7272,B_confident,8.50125,0,0.0372,0.04447152,RETAIN,Low
7273,B_confident,8.50125,1,0.9958,0.9887133,CHURN,Critical
7280,A_ambiguous,1.0,0,0.8045,0.7671233,CHURN,Critical
7288,B_confident,8.50125,0,0.0367,0.04447152,RETAIN,Low
7290,B_confident,8.50125,0,0.0275,0.04447152,RETAIN,Low
7309,B_confident,8.50125,1,0.978,0.97809076,CHURN,Critical
7312,A_ambiguous,1.0,0,0.4623,0.24200913,RETAIN,Medium
7315,B_confident,8.50125,0,0.138,0.0625,RETAIN,Low
7316,B_confident,8.50125,0,0.0383,0.04447152,RETAIN,Low
7320,A_ambiguous,1.0,0,0.6027,0.5294118,CHURN,High
7332,B_confident,8.50125,0,0.0578,0.04447152,RETAIN,Low
7334,B_confident,8.50125,0,0.186,0.07594936,RETAIN,Low
7337,A_ambiguous,1.0,0,0.636,0.5294118,CHURN,High
7340,A_ambiguous,1.0,0,0.4345,0.24200913,RETAIN,Medium
7357,A_ambiguous,1.0,1,0.7755,0.6666667,CHURN,High
7358,A_ambiguous,1.0,0,0.5143,0.41935483,CHURN,Medium
7359,B_confident,8.50125,0,0.2636,0.096,RETAIN,Low
7364,B_confident,8.50125,1,0.8965,0.8513514,CHURN,Critical
7365,B_confident,8.50125,1,0.9713,0.9673913,CHURN,Critical
7367,A_ambiguous,1.0,1,0.8248,0.7777778,CHURN,Critical
7374,A_ambiguous,1.0,1,0.8351,0.7777778,CHURN,Critical
7389,B_confident,8.50125,0,0.1326,0.0625,RETAIN,Low
7390,B_confident,8.50125,0,0.1198,0.050884955,RETAIN,Low
7396,B_confident,8.50125,0,0.201,0.0952381,RETAIN,Low
7398,A_ambiguous,1.0,0,0.5374,0.41935483,CHURN,Medium
7399,B_confident,8.50125,1,0.9854,0.97809076,CHURN,Critical
7407,A_ambiguous,1.0,1,0.7191,0.5555556,CHURN,High
7408,B_confident,8.50125,0,0.0759,0.04447152,RETAIN,Low
7418,B_confident,8.50125,0,0.1105,0.050884955,RETAIN,Low
7423,B_confident,8.50125,0,0.0404,0.04447152,RETAIN,Low
7426,B_confident,8.50125,0,0.0851,0.04447152,RETAIN,Low
7429,B_confident,8.50125,0,0.2267,0.0952381,RETAIN,Low
7437,A_ambiguous,1.0,1,0.8082,0.7671233,CHURN,Critical
7445,B_confident,8.50125,0,0.1574,0.0625,RETAIN,Low
7458,B_confident,8.50125,1,0.9768,0.97809076,CHURN,Critical
7469,A_ambiguous,1.0,1,0.7683,0.6111111,CHURN,High
7472,A_ambiguous,1.0,1,0.5753,0.5,CHURN,Medium
7474,A_ambiguous,1.0,1,0.775,0.6666667,CHURN,High
7475,B_confident,8.50125,0,0.0712,0.04447152,RETAIN,Low
7490,A_ambiguous,1.0,0,0.5434,0.41935483,CHURN,Medium
