item_slot,model,coderA_orig,coderB_orig,adjudicated_faithful,adjudicated_tags,rationale
F007_A,qwen,yes,no,no,fabricated,"Cites '66.20% cart abandonment rate' as corroborating evidence for churn ('aligns with the population benchmark for churners'); cart abandonment is not among this customer's top-5 SHAP reasons (Returns rate/LTV/Days-since-purchase/Email-open/Service-calls)."
F008_A,gemma,yes,no,no,fabricated,"Cites 'high cart abandonment rate and low email open rate' as further supporting evidence; neither appears in this customer's top-5 reasons (Returns/Pages-per-session/Service-calls/LTV/Days-since-purchase)."
F009_A,qwen,yes,no,no,"fabricated,recommendation","Recommendation instructs addressing 'the high cart abandonment rate,' a factor absent from the top-5 evidence entirely; the recommendation is grounded in an invented factor."
F010_A,qwen,yes,no,no,fabricated,"Cites '66.90% cart abandonment rate' as indicating need for intervention; not among the top-5 reasons (Days-since-purchase/Email-open/LTV/Age/Total-purchases)."
F014_A,qwen,yes,no,no,fabricated,"Cites both a '13-day gap since last purchase' and 'high cart abandonment rate' as confirming high risk; neither factor appears in the top-5 (Age/Discount-usage/Service-calls/LTV/Pages-per-session) -- two separate fabricated citations."
F018_A,gemma,yes,no,no,reversed,"States high service calls are a 'negative factor' then in the same sentence claims population benchmarks show 'higher customer service calls correlate with retention' -- directly reverses the SHAP direction (high calls = +0.81, increases churn risk)."
F021_A,gemma,yes,no,no,fabricated,"Cites 'high cart abandonment rate' as strengthening the churn prediction; not among top-5 (Age/Discount-usage/LTV/Service-calls/Wishlist-items). Also mischaracterises the benchmark re: lifetime value direction."
F026_A,qwen,yes,no,no,fabricated,"Recommendation cites 'the 6 customer service calls' as a factor to investigate; customer service calls are not among this customer's top-5 reasons (Age/Discount-usage/Days-since-purchase/LTV/Returns-rate) at all."
F027_A,qwen,yes,no,no,fabricated,"Cites '60.1% cart abandonment rate' (explanation) and recommends addressing it (recommendation); not among top-5 (Age/Email-open/LTV/Service-calls/Discount-usage)."
F031_A,gemma,no,yes,no,reversed,"Frames 'days since last purchase' as a benchmark-supported concern/churn-risk indicator, but this customer's low days-since-purchase (8 days) is a strong PROTECTIVE factor (SHAP=-0.98, 2nd strongest signal). Agreeing with Coder A's catch."
F033_A,qwen,yes,no,no,fabricated,"Cites '5.80 years tenure and low returns rate' as indicating loyalty; neither is among top-5 (Service-calls/Discount-usage/Age/LTV/Cart-abandonment)."
F034_A,qwen,no,yes,no,fabricated,"Recommendation instructs investigating 'the 50% cart abandonment rate'; this specific invented statistic is not among top-5 (LTV/Service-calls/Age/Days-since-purchase/Average-order-value). Agreeing with Coder A over Coder B's 'uncheckable but not fabricated' framing -- a specific invented number is fabrication, not just an unverifiable aside."
F040_A,gemma,yes,no,no,fabricated,"Cites '60.5% cart abandonment rate' (explanation) and recommends addressing it; not among top-5 (Email-open/Service-calls/LTV/Average-order-value/Days-since-purchase)."
F041_A,qwen,yes,no,no,fabricated,"Cites 'strong social engagement (16.00)' as indicating loyalty; social media engagement is not among top-5 (Cart-abandonment/LTV/Service-calls/Returns-rate/Session-duration -- a different, non-cited metric)."
F043_A,gemma,no,yes,no,reversed,"Claims benchmark data shows customers with similar (low) service-call volume 'are more likely to churn,' but low service calls is this customer's strongest protective factor (SHAP=-0.74). Agreeing with Coder A's catch."
F045_A,qwen,no,yes,no,magnitude,"Claims two 'strong' protective signals (LTV, cart abandonment) 'outweigh the risk' and place the customer in a 'retained segment,' understating the dominant-driver risk factor (days-since-purchase, SHAP=+1.64, the single largest factor) -- the actual XGBoost decision is CHURN at 76.1%, consistent with risk dominating. Agreeing with Coder A's catch."
F004_B,qwen,yes,no,no,fabricated,"Cites 'low returns rate (3.10%)' as reinforcing retention; returns rate is not among this customer's top-5 (Service-calls/LTV/Discount-usage/Cart-abandonment/Product-reviews)."
F006_B,qwen,yes,no,no,fabricated,"Cites 'high cart abandonment rate' (as a caveat); not among top-5 (Returns-rate/Service-calls/Days-since-purchase/LTV/Email-open). Minor/caveat framing, but still an invented factor presented as real."
F025_B,qwen,yes,no,no,fabricated,"Cites 'high login frequency' as supporting evidence; login frequency is not among top-5 (Service-calls/LTV/Total-purchases/Average-order-value/Cart-abandonment)."
F026_B,gemma,no,yes,no,"reversed,recommendation","Lists 'recent purchase activity' alongside risk drivers and recommendation targets resolving 'inactivity,' but this customer's days-since-purchase is only 2 days (strong protective signal) -- directly contradicts very recent activity. Agreeing with Coder A's catch."
F037_B,qwen,no,yes,no,"magnitude,fabricated,recommendation","Downplays a 'strong signal' risk factor (LTV, SHAP=+0.88) as merely 'moderate'; recommendation warns against eroding 'the low returns rate,' but returns rate is not among this customer's top-5 (Service-calls/LTV/Cart-abandonment/Pages-per-session/Email-open) at all. Agreeing with Coder A's catch, tags refined."
F040_B,qwen,yes,no,no,fabricated,"Cites '60.5% cart abandonment rate' and 'consistent login frequency'; neither is among top-5 (Email-open/Service-calls/LTV/Average-order-value/Days-since-purchase) for this customer."
F042_B,qwen,yes,no,no,"fabricated,magnitude","Cites 'high lifetime value ($715.01)' and 'moderate social engagement' as supporting retention; NEITHER lifetime value nor social engagement is among this customer's actual top-5 (Cart-abandonment/Days-since-purchase/Email-open/Service-calls/Wishlist-items) -- both fabricated. Coder B caught the problem (tagged magnitude/recommendation) but missed the fabrication; tags refined here."
