item_slot,coderA_faithful,coderB_faithful,coderA_tags,coderB_tags
F007_A,yes,no,nan,fabricated
F008_A,yes,no,nan,fabricated
F009_A,yes,no,nan,"fabricated,recommendation"
F010_A,yes,no,nan,fabricated
F014_A,yes,no,nan,fabricated
F018_A,yes,no,nan,reversed
F021_A,yes,no,nan,fabricated
F026_A,yes,no,nan,fabricated
F027_A,yes,no,nan,fabricated
F031_A,no,yes,reversed,nan
F033_A,yes,no,nan,fabricated
F034_A,no,yes,recommendation,nan
F040_A,yes,no,nan,fabricated
F041_A,yes,no,nan,fabricated
F043_A,no,yes,reversed,nan
F045_A,no,yes,magnitude,nan
F004_B,yes,no,nan,fabricated
F006_B,yes,no,nan,fabricated
F025_B,yes,no,nan,fabricated
F026_B,no,yes,"reversed,recommendation",nan
F037_B,no,yes,recommendation,nan
F040_B,yes,no,nan,fabricated
F042_B,yes,no,nan,"magnitude,recommendation"
