item_id,slot,model,coderA,coderB,final,source
F001,A,gemma,yes,yes,yes,agreed
F001,B,qwen,yes,yes,yes,agreed
F002,A,qwen,yes,yes,yes,agreed
F002,B,gemma,yes,yes,yes,agreed
F003,A,qwen,yes,yes,yes,agreed
F003,B,gemma,yes,yes,yes,agreed
F004,A,gemma,no,no,no,agreed
F004,B,qwen,yes,no,no,adjudicated
F005,A,qwen,yes,yes,yes,agreed
F005,B,gemma,no,no,no,agreed
F006,A,gemma,yes,yes,yes,agreed
F006,B,qwen,yes,no,no,adjudicated
F007,A,qwen,yes,no,no,adjudicated
F007,B,gemma,yes,yes,yes,agreed
F008,A,gemma,yes,no,no,adjudicated
F008,B,qwen,no,no,no,agreed
F009,A,qwen,yes,no,no,adjudicated
F009,B,gemma,yes,yes,yes,agreed
F010,A,qwen,yes,no,no,adjudicated
F010,B,gemma,no,no,no,agreed
F011,A,qwen,yes,yes,yes,agreed
F011,B,gemma,no,no,no,agreed
F012,A,qwen,yes,yes,yes,agreed
F012,B,gemma,yes,yes,yes,agreed
F013,A,gemma,yes,yes,yes,agreed
F013,B,qwen,no,no,no,agreed
F014,A,qwen,yes,no,no,adjudicated
F014,B,gemma,no,no,no,agreed
F015,A,gemma,yes,yes,yes,agreed
F015,B,qwen,yes,yes,yes,agreed
F016,A,qwen,yes,yes,yes,agreed
F016,B,gemma,no,no,no,agreed
F017,A,qwen,yes,yes,yes,agreed
F017,B,gemma,no,no,no,agreed
F018,A,gemma,yes,no,no,adjudicated
F018,B,qwen,yes,yes,yes,agreed
F019,A,qwen,yes,yes,yes,agreed
F019,B,gemma,yes,yes,yes,agreed
F020,A,qwen,no,no,no,agreed
F020,B,gemma,no,no,no,agreed
F021,A,gemma,yes,no,no,adjudicated
F021,B,qwen,yes,yes,yes,agreed
F022,A,gemma,yes,yes,yes,agreed
F022,B,qwen,no,no,no,agreed
F023,A,gemma,no,no,no,agreed
F023,B,qwen,no,no,no,agreed
F024,A,gemma,no,no,no,agreed
F024,B,qwen,yes,yes,yes,agreed
F025,A,gemma,no,no,no,agreed
F025,B,qwen,yes,no,no,adjudicated
F026,A,qwen,yes,no,no,adjudicated
F026,B,gemma,no,yes,no,adjudicated
F027,A,qwen,yes,no,no,adjudicated
F027,B,gemma,yes,yes,yes,agreed
F028,A,gemma,yes,yes,yes,agreed
F028,B,qwen,no,no,no,agreed
F029,A,qwen,yes,yes,yes,agreed
F029,B,gemma,yes,yes,yes,agreed
F030,A,qwen,yes,yes,yes,agreed
F030,B,gemma,no,no,no,agreed
F031,A,gemma,no,yes,no,adjudicated
F031,B,qwen,yes,yes,yes,agreed
F032,A,qwen,yes,yes,yes,agreed
F032,B,gemma,no,no,no,agreed
F033,A,qwen,yes,no,no,adjudicated
F033,B,gemma,no,no,no,agreed
F034,A,qwen,no,yes,no,adjudicated
F034,B,gemma,no,no,no,agreed
F035,A,qwen,no,no,no,agreed
F035,B,gemma,yes,yes,yes,agreed
F036,A,qwen,yes,yes,yes,agreed
F036,B,gemma,yes,yes,yes,agreed
F037,A,gemma,no,no,no,agreed
F037,B,qwen,no,yes,no,adjudicated
F038,A,qwen,no,no,no,agreed
F038,B,gemma,no,no,no,agreed
F039,A,qwen,no,no,no,agreed
F039,B,gemma,yes,yes,yes,agreed
F040,A,gemma,yes,no,no,adjudicated
F040,B,qwen,yes,no,no,adjudicated
F041,A,qwen,yes,no,no,adjudicated
F041,B,gemma,yes,yes,yes,agreed
F042,A,gemma,no,no,no,agreed
F042,B,qwen,yes,no,no,adjudicated
F043,A,gemma,no,yes,no,adjudicated
F043,B,qwen,yes,yes,yes,agreed
F044,A,gemma,no,no,no,agreed
F044,B,qwen,yes,yes,yes,agreed
F045,A,qwen,no,yes,no,adjudicated
F045,B,gemma,yes,yes,yes,agreed
F046,A,gemma,yes,yes,yes,agreed
F046,B,qwen,no,no,no,agreed
F047,A,gemma,yes,yes,yes,agreed
F047,B,qwen,no,no,no,agreed
F048,A,gemma,no,no,no,agreed
F048,B,qwen,yes,yes,yes,agreed
F049,A,qwen,no,no,no,agreed
F049,B,gemma,no,no,no,agreed
F050,A,qwen,no,no,no,agreed
F050,B,gemma,yes,yes,yes,agreed
